INSERT INTO public.app_user (id, active, email, sub, updated_at, updated_by, created_at, created_by, full_name, phone_no) VALUES (26, false, 'user 25@example.com', 'sub-025', '2025-10-27 13:32:10.434719', 'dinhtul1911@gmail.com', '2025-10-11 08:34:17.121222', 'seed', 'tu dinh le 11111', null);
INSERT INTO public.app_user (id, active, email, sub, updated_at, updated_by, created_at, created_by, full_name, phone_no) VALUES (102, true, 'abc@abc.com', null, null, null, '2025-10-27 13:47:07.053776', 'dinhtul1911@gmail.com', 'abc', null);
INSERT INTO public.app_user (id, active, email, sub, updated_at, updated_by, created_at, created_by, full_name, phone_no) VALUES (1, true, 'dinhtul1911@gmail.com', '109909289039762949476', '2025-10-11 08:34:17.121222', 'seed', '2025-10-11 08:34:17.121222', 'seed', 'tu dinh le', null);
INSERT INTO public.app_user (id, active, email, sub, updated_at, updated_by, created_at, created_by, full_name, phone_no) VALUES (57, true, 'user 56@example.com', 'sub-056', '2025-10-11 08:34:17.121222', 'seed', '2025-10-11 08:34:17.121222', 'seed', 'tu dinh le', null);
INSERT INTO public.app_user (id, active, email, sub, updated_at, updated_by, created_at, created_by, full_name, phone_no) VALUES (9, true, 'user  8@example.com', 'sub-008', '2025-10-11 08:34:17.121222', 'seed', '2025-10-11 08:34:17.121222', 'seed', 'tu dinh le', null);
INSERT INTO public.app_user (id, active, email, sub, updated_at, updated_by, created_at, created_by, full_name, phone_no) VALUES (10, true, 'user  9@example.com', 'sub-009', '2025-10-11 08:34:17.121222', 'seed', '2025-10-11 08:34:17.121222', 'seed', 'tu dinh le', null);
INSERT INTO public.app_user (id, active, email, sub, updated_at, updated_by, created_at, created_by, full_name, phone_no) VALUES (93, true, 'user 92@example.com', 'sub-092', '2025-10-11 08:34:17.121222', 'seed', '2025-10-11 08:34:17.121222', 'seed', 'tu dinh le', null);
INSERT INTO public.app_user (id, active, email, sub, updated_at, updated_by, created_at, created_by, full_name, phone_no) VALUES (27, true, 'user 26@example.com', 'sub-026', '2025-10-11 08:34:17.121222', 'seed', '2025-10-11 08:34:17.121222', 'seed', 'tu dinh le', null);
INSERT INTO public.app_user (id, active, email, sub, updated_at, updated_by, created_at, created_by, full_name, phone_no) VALUES (25, true, 'user 24@example.com', 'sub-024', '2025-10-11 08:34:17.121222', 'seed', '2025-10-11 08:34:17.121222', 'seed', 'tu dinh le', null);
INSERT INTO public.app_user (id, active, email, sub, updated_at, updated_by, created_at, created_by, full_name, phone_no) VALUES (91, false, 'user 90@example.com', 'sub-090', '2025-10-11 08:34:17.121222', 'seed', '2025-10-11 08:34:17.121222', 'seed', 'tu dinh le', null);
INSERT INTO public.app_user (id, active, email, sub, updated_at, updated_by, created_at, created_by, full_name, phone_no) VALUES (11, false, 'user 10@example.com', 'sub-010', '2025-10-11 08:34:17.121222', 'seed', '2025-10-11 08:34:17.121222', 'seed', 'tu dinh le', null);
INSERT INTO public.app_user (id, active, email, sub, updated_at, updated_by, created_at, created_by, full_name, phone_no) VALUES (39, true, 'user 38@example.com', 'sub-038', '2025-10-11 08:34:17.121222', 'seed', '2025-10-11 08:34:17.121222', 'seed', 'tu dinh le', null);
INSERT INTO public.app_user (id, active, email, sub, updated_at, updated_by, created_at, created_by, full_name, phone_no) VALUES (40, true, 'user 39@example.com', 'sub-039', '2025-10-11 08:34:17.121222', 'seed', '2025-10-11 08:34:17.121222', 'seed', 'tu dinh le', null);
INSERT INTO public.app_user (id, active, email, sub, updated_at, updated_by, created_at, created_by, full_name, phone_no) VALUES (42, true, 'user 41@example.com', 'sub-041', '2025-10-11 08:34:17.121222', 'seed', '2025-10-11 08:34:17.121222', 'seed', 'tu dinh le', null);
INSERT INTO public.app_user (id, active, email, sub, updated_at, updated_by, created_at, created_by, full_name, phone_no) VALUES (41, false, 'user 40@example.com', 'sub-040', '2025-10-11 08:34:17.121222', 'seed', '2025-10-11 08:34:17.121222', 'seed', 'tu dinh le', null);
INSERT INTO public.app_user (id, active, email, sub, updated_at, updated_by, created_at, created_by, full_name, phone_no) VALUES (55, true, 'user 54@example.com', 'sub-054', '2025-10-11 08:34:17.121222', 'seed', '2025-10-11 08:34:17.121222', 'seed', 'tu dinh le', null);
INSERT INTO public.app_user (id, active, email, sub, updated_at, updated_by, created_at, created_by, full_name, phone_no) VALUES (94, true, 'user 93@example.com', 'sub-093', '2025-10-11 08:34:17.121222', 'seed', '2025-10-11 08:34:17.121222', 'seed', 'tu dinh le', null);
INSERT INTO public.app_user (id, active, email, sub, updated_at, updated_by, created_at, created_by, full_name, phone_no) VALUES (43, true, 'user 42@example.com', 'sub-042', '2025-10-11 08:34:17.121222', 'seed', '2025-10-11 08:34:17.121222', 'seed', 'tu dinh le', null);
INSERT INTO public.app_user (id, active, email, sub, updated_at, updated_by, created_at, created_by, full_name, phone_no) VALUES (12, true, 'user 11@example.com', 'sub-011', '2025-10-11 08:34:17.121222', 'seed', '2025-10-11 08:34:17.121222', 'seed', 'tu dinh le', null);
INSERT INTO public.app_user (id, active, email, sub, updated_at, updated_by, created_at, created_by, full_name, phone_no) VALUES (7, true, 'user  6@example.com', 'sub-006', '2025-10-11 08:34:17.121222', 'seed', '2025-10-11 08:34:17.121222', 'seed', 'tu dinh le', null);
INSERT INTO public.app_user (id, active, email, sub, updated_at, updated_by, created_at, created_by, full_name, phone_no) VALUES (8, true, 'user  7@example.com', 'sub-007', '2025-10-11 08:34:17.121222', 'seed', '2025-10-11 08:34:17.121222', 'seed', 'tu dinh le', null);
INSERT INTO public.app_user (id, active, email, sub, updated_at, updated_by, created_at, created_by, full_name, phone_no) VALUES (73, true, 'user 72@example.com', 'sub-072', '2025-10-11 08:34:17.121222', 'seed', '2025-10-11 08:34:17.121222', 'seed', 'tu dinh le', null);
INSERT INTO public.app_user (id, active, email, sub, updated_at, updated_by, created_at, created_by, full_name, phone_no) VALUES (89, true, 'user 88@example.com', 'sub-088', '2025-10-11 08:34:17.121222', 'seed', '2025-10-11 08:34:17.121222', 'seed', 'tu dinh le', null);
INSERT INTO public.app_user (id, active, email, sub, updated_at, updated_by, created_at, created_by, full_name, phone_no) VALUES (90, true, 'user 89@example.com', 'sub-089', '2025-10-11 08:34:17.121222', 'seed', '2025-10-11 08:34:17.121222', 'seed', 'tu dinh le', null);
INSERT INTO public.app_user (id, active, email, sub, updated_at, updated_by, created_at, created_by, full_name, phone_no) VALUES (56, true, 'user 55@example.com', 'sub-055', '2025-10-11 08:34:17.121222', 'seed', '2025-10-11 08:34:17.121222', 'seed', 'tu dinh le', null);
INSERT INTO public.app_user (id, active, email, sub, updated_at, updated_by, created_at, created_by, full_name, phone_no) VALUES (58, true, 'user 57@example.com', 'sub-057', '2025-10-11 08:34:17.121222', 'seed', '2025-10-11 08:34:17.121222', 'seed', 'tu dinh le', null);
INSERT INTO public.app_user (id, active, email, sub, updated_at, updated_by, created_at, created_by, full_name, phone_no) VALUES (75, true, 'user 74@example.com', 'sub-074', '2025-10-11 08:34:17.121222', 'seed', '2025-10-11 08:34:17.121222', 'seed', 'tu dinh le', null);
INSERT INTO public.app_user (id, active, email, sub, updated_at, updated_by, created_at, created_by, full_name, phone_no) VALUES (54, true, 'user 53@example.com', 'sub-053', '2025-10-11 08:34:17.121222', 'seed', '2025-10-11 08:34:17.121222', 'seed', 'tu dinh le', null);
INSERT INTO public.app_user (id, active, email, sub, updated_at, updated_by, created_at, created_by, full_name, phone_no) VALUES (74, true, 'user 73@example.com', 'sub-073', '2025-10-11 08:34:17.121222', 'seed', '2025-10-11 08:34:17.121222', 'seed', 'tu dinh le', null);
INSERT INTO public.app_user (id, active, email, sub, updated_at, updated_by, created_at, created_by, full_name, phone_no) VALUES (76, true, 'user 75@example.com', 'sub-075', '2025-10-11 08:34:17.121222', 'seed', '2025-10-11 08:34:17.121222', 'seed', 'tu dinh le', null);
INSERT INTO public.app_user (id, active, email, sub, updated_at, updated_by, created_at, created_by, full_name, phone_no) VALUES (78, true, 'user 77@example.com', 'sub-077', '2025-10-11 08:34:17.121222', 'seed', '2025-10-11 08:34:17.121222', 'seed', 'tu dinh le', null);
INSERT INTO public.app_user (id, active, email, sub, updated_at, updated_by, created_at, created_by, full_name, phone_no) VALUES (59, true, 'user 58@example.com', 'sub-058', '2025-10-11 08:34:17.121222', 'seed', '2025-10-11 08:34:17.121222', 'seed', 'tu dinh le', null);
INSERT INTO public.app_user (id, active, email, sub, updated_at, updated_by, created_at, created_by, full_name, phone_no) VALUES (77, true, 'user 76@example.com', 'sub-076', '2025-10-11 08:34:17.121222', 'seed', '2025-10-11 08:34:17.121222', 'seed', 'tu dinh le', null);
INSERT INTO public.app_user (id, active, email, sub, updated_at, updated_by, created_at, created_by, full_name, phone_no) VALUES (60, true, 'user 59@example.com', 'sub-059', '2025-10-11 08:34:17.121222', 'seed', '2025-10-11 08:34:17.121222', 'seed', 'tu dinh le', null);
INSERT INTO public.app_user (id, active, email, sub, updated_at, updated_by, created_at, created_by, full_name, phone_no) VALUES (61, false, 'user 60@example.com', 'sub-060', '2025-10-11 08:34:17.121222', 'seed', '2025-10-11 08:34:17.121222', 'seed', 'tu dinh le', null);
INSERT INTO public.app_user (id, active, email, sub, updated_at, updated_by, created_at, created_by, full_name, phone_no) VALUES (79, true, 'user 78@example.com', 'sub-078', '2025-10-11 08:34:17.121222', 'seed', '2025-10-11 08:34:17.121222', 'seed', 'tu dinh le', null);
INSERT INTO public.app_user (id, active, email, sub, updated_at, updated_by, created_at, created_by, full_name, phone_no) VALUES (53, true, 'user 52@example.com', 'sub-052', '2025-10-11 08:34:17.121222', 'seed', '2025-10-11 08:34:17.121222', 'seed', 'tu dinh le', null);
INSERT INTO public.app_user (id, active, email, sub, updated_at, updated_by, created_at, created_by, full_name, phone_no) VALUES (30, true, 'user 29@example.com', 'sub-029', '2025-10-11 08:34:17.121222', 'seed', '2025-10-11 08:34:17.121222', 'seed', 'tu dinh le', null);
INSERT INTO public.app_user (id, active, email, sub, updated_at, updated_by, created_at, created_by, full_name, phone_no) VALUES (45, true, 'user 44@example.com', 'sub-044', '2025-10-11 08:34:17.121222', 'seed', '2025-10-11 08:34:17.121222', 'seed', 'tu dinh le', null);
INSERT INTO public.app_user (id, active, email, sub, updated_at, updated_by, created_at, created_by, full_name, phone_no) VALUES (22, true, 'user 21@example.com', 'sub-021', '2025-10-11 08:34:17.121222', 'seed', '2025-10-11 08:34:17.121222', 'seed', 'tu dinh le', null);
INSERT INTO public.app_user (id, active, email, sub, updated_at, updated_by, created_at, created_by, full_name, phone_no) VALUES (72, true, 'user 71@example.com', 'sub-071', '2025-10-11 08:34:17.121222', 'seed', '2025-10-11 08:34:17.121222', 'seed', 'tu dinh le', null);
INSERT INTO public.app_user (id, active, email, sub, updated_at, updated_by, created_at, created_by, full_name, phone_no) VALUES (6, true, 'user  5@example.com', 'sub-005', '2025-10-11 08:34:17.121222', 'seed', '2025-10-11 08:34:17.121222', 'seed', 'tu dinh le', null);
INSERT INTO public.app_user (id, active, email, sub, updated_at, updated_by, created_at, created_by, full_name, phone_no) VALUES (64, true, 'user 63@example.com', 'sub-063', '2025-10-11 08:34:17.121222', 'seed', '2025-10-11 08:34:17.121222', 'seed', 'tu dinh le', null);
INSERT INTO public.app_user (id, active, email, sub, updated_at, updated_by, created_at, created_by, full_name, phone_no) VALUES (95, true, 'user 94@example.com', 'sub-094', '2025-10-11 08:34:17.121222', 'seed', '2025-10-11 08:34:17.121222', 'seed', 'tu dinh le', null);
INSERT INTO public.app_user (id, active, email, sub, updated_at, updated_by, created_at, created_by, full_name, phone_no) VALUES (37, true, 'user 36@example.com', 'sub-036', '2025-10-11 08:34:17.121222', 'seed', '2025-10-11 08:34:17.121222', 'seed', 'tu dinh le', null);
INSERT INTO public.app_user (id, active, email, sub, updated_at, updated_by, created_at, created_by, full_name, phone_no) VALUES (35, true, 'user 34@example.com', 'sub-034', '2025-10-11 08:34:17.121222', 'seed', '2025-10-11 08:34:17.121222', 'seed', 'tu dinh le', null);
INSERT INTO public.app_user (id, active, email, sub, updated_at, updated_by, created_at, created_by, full_name, phone_no) VALUES (14, true, 'user 13@example.com', 'sub-013', '2025-10-11 08:34:17.121222', 'seed', '2025-10-11 08:34:17.121222', 'seed', 'tu dinh le', null);
INSERT INTO public.app_user (id, active, email, sub, updated_at, updated_by, created_at, created_by, full_name, phone_no) VALUES (28, true, 'user 27@example.com', 'sub-027', '2025-10-11 08:34:17.121222', 'seed', '2025-10-11 08:34:17.121222', 'seed', 'tu dinh le', null);
INSERT INTO public.app_user (id, active, email, sub, updated_at, updated_by, created_at, created_by, full_name, phone_no) VALUES (20, true, 'user 19@example.com', 'sub-019', '2025-10-11 08:34:17.121222', 'seed', '2025-10-11 08:34:17.121222', 'seed', 'tu dinh le', null);
INSERT INTO public.app_user (id, active, email, sub, updated_at, updated_by, created_at, created_by, full_name, phone_no) VALUES (24, true, 'user 23@example.com', 'sub-023', '2025-10-11 08:34:17.121222', 'seed', '2025-10-11 08:34:17.121222', 'seed', 'tu dinh le', null);
INSERT INTO public.app_user (id, active, email, sub, updated_at, updated_by, created_at, created_by, full_name, phone_no) VALUES (96, true, 'user 95@example.com', 'sub-095', '2025-10-11 08:34:17.121222', 'seed', '2025-10-11 08:34:17.121222', 'seed', 'tu dinh le', null);
INSERT INTO public.app_user (id, active, email, sub, updated_at, updated_by, created_at, created_by, full_name, phone_no) VALUES (100, true, 'user 99@example.com', 'sub-099', '2025-10-11 08:34:17.121222', 'seed', '2025-10-11 08:34:17.121222', 'seed', 'tu dinh le', null);
INSERT INTO public.app_user (id, active, email, sub, updated_at, updated_by, created_at, created_by, full_name, phone_no) VALUES (98, true, 'user 97@example.com', 'sub-097', '2025-10-11 08:34:17.121222', 'seed', '2025-10-11 08:34:17.121222', 'seed', 'tu dinh le', null);
INSERT INTO public.app_user (id, active, email, sub, updated_at, updated_by, created_at, created_by, full_name, phone_no) VALUES (84, true, 'user 83@example.com', 'sub-083', '2025-10-11 08:34:17.121222', 'seed', '2025-10-11 08:34:17.121222', 'seed', 'tu dinh le', null);
INSERT INTO public.app_user (id, active, email, sub, updated_at, updated_by, created_at, created_by, full_name, phone_no) VALUES (32, true, 'user 31@example.com', 'sub-031', '2025-10-11 08:34:17.121222', 'seed', '2025-10-11 08:34:17.121222', 'seed', 'tu dinh le', null);
INSERT INTO public.app_user (id, active, email, sub, updated_at, updated_by, created_at, created_by, full_name, phone_no) VALUES (48, true, 'user 47@example.com', 'sub-047', '2025-10-11 08:34:17.121222', 'seed', '2025-10-11 08:34:17.121222', 'seed', 'tu dinh le', null);
INSERT INTO public.app_user (id, active, email, sub, updated_at, updated_by, created_at, created_by, full_name, phone_no) VALUES (67, true, 'user 66@example.com', 'sub-066', '2025-10-11 08:34:17.121222', 'seed', '2025-10-11 08:34:17.121222', 'seed', 'tu dinh le', null);
INSERT INTO public.app_user (id, active, email, sub, updated_at, updated_by, created_at, created_by, full_name, phone_no) VALUES (68, true, 'user 67@example.com', 'sub-067', '2025-10-11 08:34:17.121222', 'seed', '2025-10-11 08:34:17.121222', 'seed', 'tu dinh le', null);
INSERT INTO public.app_user (id, active, email, sub, updated_at, updated_by, created_at, created_by, full_name, phone_no) VALUES (49, true, 'user 48@example.com', 'sub-048', '2025-10-11 08:34:17.121222', 'seed', '2025-10-11 08:34:17.121222', 'seed', 'tu dinh le', null);
INSERT INTO public.app_user (id, active, email, sub, updated_at, updated_by, created_at, created_by, full_name, phone_no) VALUES (19, true, 'user 18@example.com', 'sub-018', '2025-10-11 08:34:17.121222', 'seed', '2025-10-11 08:34:17.121222', 'seed', 'tu dinh le', null);
INSERT INTO public.app_user (id, active, email, sub, updated_at, updated_by, created_at, created_by, full_name, phone_no) VALUES (66, true, 'user 65@example.com', 'sub-065', '2025-10-11 08:34:17.121222', 'seed', '2025-10-11 08:34:17.121222', 'seed', 'tu dinh le', null);
INSERT INTO public.app_user (id, active, email, sub, updated_at, updated_by, created_at, created_by, full_name, phone_no) VALUES (33, true, 'user 32@example.com', 'sub-032', '2025-10-11 08:34:17.121222', 'seed', '2025-10-11 08:34:17.121222', 'seed', 'tu dinh le', null);
INSERT INTO public.app_user (id, active, email, sub, updated_at, updated_by, created_at, created_by, full_name, phone_no) VALUES (16, true, 'user 15@example.com', 'sub-015', '2025-10-11 08:34:17.121222', 'seed', '2025-10-11 08:34:17.121222', 'seed', 'tu dinh le', null);
INSERT INTO public.app_user (id, active, email, sub, updated_at, updated_by, created_at, created_by, full_name, phone_no) VALUES (17, true, 'user 16@example.com', 'sub-016', '2025-10-11 08:34:17.121222', 'seed', '2025-10-11 08:34:17.121222', 'seed', 'tu dinh le', null);
INSERT INTO public.app_user (id, active, email, sub, updated_at, updated_by, created_at, created_by, full_name, phone_no) VALUES (18, true, 'user 17@example.com', 'sub-017', '2025-10-11 08:34:17.121222', 'seed', '2025-10-11 08:34:17.121222', 'seed', 'tu dinh le', null);
INSERT INTO public.app_user (id, active, email, sub, updated_at, updated_by, created_at, created_by, full_name, phone_no) VALUES (51, false, 'user 50@example.com', 'sub-050', '2025-10-11 08:34:17.121222', 'seed', '2025-10-11 08:34:17.121222', 'seed', 'tu dinh le', null);
INSERT INTO public.app_user (id, active, email, sub, updated_at, updated_by, created_at, created_by, full_name, phone_no) VALUES (63, true, 'user 62@example.com', 'sub-062', '2025-10-11 08:34:17.121222', 'seed', '2025-10-11 08:34:17.121222', 'seed', 'tu dinh le', null);
INSERT INTO public.app_user (id, active, email, sub, updated_at, updated_by, created_at, created_by, full_name, phone_no) VALUES (65, true, 'user 64@example.com', 'sub-064', '2025-10-11 08:34:17.121222', 'seed', '2025-10-11 08:34:17.121222', 'seed', 'tu dinh le', null);
INSERT INTO public.app_user (id, active, email, sub, updated_at, updated_by, created_at, created_by, full_name, phone_no) VALUES (86, true, 'user 85@example.com', 'sub-085', '2025-10-11 08:34:17.121222', 'seed', '2025-10-11 08:34:17.121222', 'seed', 'tu dinh le', null);
INSERT INTO public.app_user (id, active, email, sub, updated_at, updated_by, created_at, created_by, full_name, phone_no) VALUES (50, true, 'user 49@example.com', 'sub-049', '2025-10-11 08:34:17.121222', 'seed', '2025-10-11 08:34:17.121222', 'seed', 'tu dinh le', null);
INSERT INTO public.app_user (id, active, email, sub, updated_at, updated_by, created_at, created_by, full_name, phone_no) VALUES (4, true, 'user  3@example.com', 'sub-003', '2025-10-11 08:34:17.121222', 'seed', '2025-10-11 08:34:17.121222', 'seed', 'tu dinh le', null);
INSERT INTO public.app_user (id, active, email, sub, updated_at, updated_by, created_at, created_by, full_name, phone_no) VALUES (3, true, 'user  2@example.com', 'sub-002', '2025-10-11 08:34:17.121222', 'seed', '2025-10-11 08:34:17.121222', 'seed', 'tu dinh le', null);
INSERT INTO public.app_user (id, active, email, sub, updated_at, updated_by, created_at, created_by, full_name, phone_no) VALUES (47, true, 'user 46@example.com', 'sub-046', '2025-10-11 08:34:17.121222', 'seed', '2025-10-11 08:34:17.121222', 'seed', 'tu dinh le', null);
INSERT INTO public.app_user (id, active, email, sub, updated_at, updated_by, created_at, created_by, full_name, phone_no) VALUES (70, true, 'user 69@example.com', 'sub-069', '2025-10-11 08:34:17.121222', 'seed', '2025-10-11 08:34:17.121222', 'seed', 'tu dinh le', null);
INSERT INTO public.app_user (id, active, email, sub, updated_at, updated_by, created_at, created_by, full_name, phone_no) VALUES (69, true, 'user 68@example.com', 'sub-068', '2025-10-11 08:34:17.121222', 'seed', '2025-10-11 08:34:17.121222', 'seed', 'tu dinh le', null);
INSERT INTO public.app_user (id, active, email, sub, updated_at, updated_by, created_at, created_by, full_name, phone_no) VALUES (62, true, 'user 61@example.com', 'sub-061', '2025-10-11 08:34:17.121222', 'seed', '2025-10-11 08:34:17.121222', 'seed', 'tu dinh le', null);
INSERT INTO public.app_user (id, active, email, sub, updated_at, updated_by, created_at, created_by, full_name, phone_no) VALUES (52, true, 'user 51@example.com', 'sub-051', '2025-10-11 08:34:17.121222', 'seed', '2025-10-11 08:34:17.121222', 'seed', 'tu dinh le', null);
INSERT INTO public.app_user (id, active, email, sub, updated_at, updated_by, created_at, created_by, full_name, phone_no) VALUES (83, true, 'user 82@example.com', 'sub-082', '2025-10-11 08:34:17.121222', 'seed', '2025-10-11 08:34:17.121222', 'seed', 'tu dinh le', null);
INSERT INTO public.app_user (id, active, email, sub, updated_at, updated_by, created_at, created_by, full_name, phone_no) VALUES (87, true, 'user 86@example.com', 'sub-086', '2025-10-11 08:34:17.121222', 'seed', '2025-10-11 08:34:17.121222', 'seed', 'tu dinh le', null);
INSERT INTO public.app_user (id, active, email, sub, updated_at, updated_by, created_at, created_by, full_name, phone_no) VALUES (85, true, 'user 84@example.com', 'sub-084', '2025-10-11 08:34:17.121222', 'seed', '2025-10-11 08:34:17.121222', 'seed', 'tu dinh le', null);
INSERT INTO public.app_user (id, active, email, sub, updated_at, updated_by, created_at, created_by, full_name, phone_no) VALUES (2, true, 'user  1@example.com', 'sub-001', '2025-10-11 08:34:17.121222', 'seed', '2025-10-11 08:34:17.121222', 'seed', 'tu dinh le', null);
INSERT INTO public.app_user (id, active, email, sub, updated_at, updated_by, created_at, created_by, full_name, phone_no) VALUES (82, true, 'user 81@example.com', 'sub-081', '2025-10-11 08:34:17.121222', 'seed', '2025-10-11 08:34:17.121222', 'seed', 'tu dinh le', null);
INSERT INTO public.app_user (id, active, email, sub, updated_at, updated_by, created_at, created_by, full_name, phone_no) VALUES (81, false, 'user 80@example.com', 'sub-080', '2025-10-11 08:34:17.121222', 'seed', '2025-10-11 08:34:17.121222', 'seed', 'tu dinh le', null);
INSERT INTO public.app_user (id, active, email, sub, updated_at, updated_by, created_at, created_by, full_name, phone_no) VALUES (80, true, 'user 79@example.com', 'sub-079', '2025-10-11 08:34:17.121222', 'seed', '2025-10-11 08:34:17.121222', 'seed', 'tu dinh le', null);
INSERT INTO public.app_user (id, active, email, sub, updated_at, updated_by, created_at, created_by, full_name, phone_no) VALUES (88, true, 'user 87@example.com', 'sub-087', '2025-10-11 08:34:17.121222', 'seed', '2025-10-11 08:34:17.121222', 'seed', 'tu dinh le', null);
INSERT INTO public.app_user (id, active, email, sub, updated_at, updated_by, created_at, created_by, full_name, phone_no) VALUES (71, false, 'user 70@example.com', 'sub-070', '2025-10-11 08:34:17.121222', 'seed', '2025-10-11 08:34:17.121222', 'seed', 'tu dinh le', null);
INSERT INTO public.app_user (id, active, email, sub, updated_at, updated_by, created_at, created_by, full_name, phone_no) VALUES (5, true, 'user  4@example.com', 'sub-004', '2025-10-11 08:34:17.121222', 'seed', '2025-10-11 08:34:17.121222', 'seed', 'tu dinh le', null);
INSERT INTO public.app_user (id, active, email, sub, updated_at, updated_by, created_at, created_by, full_name, phone_no) VALUES (23, true, 'user 22@example.com', 'sub-022', '2025-10-11 08:34:17.121222', 'seed', '2025-10-11 08:34:17.121222', 'seed', 'tu dinh le', null);
INSERT INTO public.app_user (id, active, email, sub, updated_at, updated_by, created_at, created_by, full_name, phone_no) VALUES (46, true, 'user 45@example.com', 'sub-045', '2025-10-11 08:34:17.121222', 'seed', '2025-10-11 08:34:17.121222', 'seed', 'tu dinh le', null);
INSERT INTO public.app_user (id, active, email, sub, updated_at, updated_by, created_at, created_by, full_name, phone_no) VALUES (21, false, 'user 20@example.com', 'sub-020', '2025-10-11 08:34:17.121222', 'seed', '2025-10-11 08:34:17.121222', 'seed', 'tu dinh le', null);
INSERT INTO public.app_user (id, active, email, sub, updated_at, updated_by, created_at, created_by, full_name, phone_no) VALUES (44, true, 'user 43@example.com', 'sub-043', '2025-10-11 08:34:17.121222', 'seed', '2025-10-11 08:34:17.121222', 'seed', 'tu dinh le', null);
INSERT INTO public.app_user (id, active, email, sub, updated_at, updated_by, created_at, created_by, full_name, phone_no) VALUES (38, true, 'user 37@example.com', 'sub-037', '2025-10-11 08:34:17.121222', 'seed', '2025-10-11 08:34:17.121222', 'seed', 'tu dinh le', null);
INSERT INTO public.app_user (id, active, email, sub, updated_at, updated_by, created_at, created_by, full_name, phone_no) VALUES (13, true, 'user 12@example.com', 'sub-012', '2025-10-11 08:34:17.121222', 'seed', '2025-10-11 08:34:17.121222', 'seed', 'tu dinh le', null);
INSERT INTO public.app_user (id, active, email, sub, updated_at, updated_by, created_at, created_by, full_name, phone_no) VALUES (36, true, 'user 35@example.com', 'sub-035', '2025-10-11 08:34:17.121222', 'seed', '2025-10-11 08:34:17.121222', 'seed', 'tu dinh le', null);
INSERT INTO public.app_user (id, active, email, sub, updated_at, updated_by, created_at, created_by, full_name, phone_no) VALUES (15, true, 'user 14@example.com', 'sub-014', '2025-10-11 08:34:17.121222', 'seed', '2025-10-11 08:34:17.121222', 'seed', 'tu dinh le', null);
INSERT INTO public.app_user (id, active, email, sub, updated_at, updated_by, created_at, created_by, full_name, phone_no) VALUES (34, true, 'user 33@example.com', 'sub-033', '2025-10-11 08:34:17.121222', 'seed', '2025-10-11 08:34:17.121222', 'seed', 'tu dinh le', null);
INSERT INTO public.app_user (id, active, email, sub, updated_at, updated_by, created_at, created_by, full_name, phone_no) VALUES (29, true, 'user 28@example.com', 'sub-028', '2025-10-11 08:34:17.121222', 'seed', '2025-10-11 08:34:17.121222', 'seed', 'tu dinh le', null);
INSERT INTO public.app_user (id, active, email, sub, updated_at, updated_by, created_at, created_by, full_name, phone_no) VALUES (97, true, 'user 96@example.com', 'sub-096', '2025-10-11 08:34:17.121222', 'seed', '2025-10-11 08:34:17.121222', 'seed', 'tu dinh le', null);
INSERT INTO public.app_user (id, active, email, sub, updated_at, updated_by, created_at, created_by, full_name, phone_no) VALUES (31, false, 'user 30@example.com', 'sub-030', '2025-10-11 08:34:17.121222', 'seed', '2025-10-11 08:34:17.121222', 'seed', 'tu dinh le', null);
INSERT INTO public.app_user (id, active, email, sub, updated_at, updated_by, created_at, created_by, full_name, phone_no) VALUES (99, true, 'user 98@example.com', 'sub-098', '2025-10-11 08:34:17.121222', 'seed', '2025-10-11 08:34:17.121222', 'seed', 'tu dinh le', null);
INSERT INTO public.app_user (id, active, email, sub, updated_at, updated_by, created_at, created_by, full_name, phone_no) VALUES (101, false, 'user100@example.com', 'sub-100', '2025-10-11 08:34:17.121222', 'seed', '2025-10-11 08:34:17.121222', 'seed', 'tu dinh le', null);
INSERT INTO public.app_user (id, active, email, sub, updated_at, updated_by, created_at, created_by, full_name, phone_no) VALUES (92, true, 'user 91@example.com', 'sub-091', '2025-10-11 08:34:17.121222', 'seed', '2025-10-11 08:34:17.121222', 'seed', 'tu dinh le', null);

INSERT INTO public.car_model (id, active, car_name, car_type, created_at, created_by, updated_at, updated_by) VALUES (1, true, 'VF3', 'mini SUV', '2025-10-27 14:31:53.000000', 'system', '2025-10-27 14:31:57.000000', 'system');
INSERT INTO public.car_model (id, active, car_name, car_type, created_at, created_by, updated_at, updated_by) VALUES (2, true, 'VF5', 'A-segment SUV', '2025-10-27 14:31:53.000000', 'system', '2025-10-27 14:31:57.000000', 'system');
INSERT INTO public.car_model (id, active, car_name, car_type, created_at, created_by, updated_at, updated_by) VALUES (3, true, 'VF6', 'B-segment SUV', '2025-10-27 14:31:53.000000', 'system', '2025-10-27 14:31:57.000000', 'system');
INSERT INTO public.car_model (id, active, car_name, car_type, created_at, created_by, updated_at, updated_by) VALUES (4, true, 'VF7', 'C-segment SUV', '2025-10-27 14:33:21.000000', 'system', '2025-10-27 14:31:57.000000', 'system');
INSERT INTO public.car_model (id, active, car_name, car_type, created_at, created_by, updated_at, updated_by) VALUES (5, true, 'VF8', 'D-segment SUV', '2025-10-27 14:33:21.000000', 'system', '2025-10-27 14:31:57.000000', 'system');
INSERT INTO public.car_model (id, active, car_name, car_type, created_at, created_by, updated_at, updated_by) VALUES (6, true, 'VF9', 'E-segment SUV', '2025-10-27 14:33:21.000000', 'system', '2025-10-27 14:31:57.000000', 'system');

INSERT INTO public.center (id, center_name, phone_no, address, created_at, created_by, updated_at, updated_by) VALUES (1, 'Center 1', '0987654321', 'abc', '2025-10-28 12:49:30.000000', 'system', '2025-10-28 12:49:34.000000', 'system');
INSERT INTO public.center (id, center_name, phone_no, address, created_at, created_by, updated_at, updated_by) VALUES (2, 'Center 2', '0987654322', 'edf', '2025-10-28 12:49:30.000000', 'system', '2025-10-28 12:49:34.000000', 'system');
INSERT INTO public.center (id, center_name, phone_no, address, created_at, created_by, updated_at, updated_by) VALUES (3, 'Center 3', '0987654323', '123', '2025-10-28 12:49:30.000000', 'system', '2025-10-28 12:49:34.000000', 'system');

INSERT INTO public.maintenance_history (id, vehicle_id, owner_id, staff_id, technician_id, num_of_km, submitted_at, technician_receive_at, completed_at, status, created_at, created_by, updated_at, updated_by, is_maintenance, is_repair, remark, staff_receive_at, hand_over_at, center_id, schedule_time, schedule_date) VALUES (6, 2, 1, null, null, 20000, '2025-10-29 14:41:33.459745', null, null, 0, '2025-10-29 14:41:33.475289', 'dinhtul1911@gmail.com', null, null, true, true, 'abc', null, null, 1, '12:00:00', '2025-10-29');
INSERT INTO public.maintenance_history (id, vehicle_id, owner_id, staff_id, technician_id, num_of_km, submitted_at, technician_receive_at, completed_at, status, created_at, created_by, updated_at, updated_by, is_maintenance, is_repair, remark, staff_receive_at, hand_over_at, center_id, schedule_time, schedule_date) VALUES (7, 2, 1, null, null, 10000, '2025-10-29 14:44:43.233715', null, null, 0, '2025-10-29 14:44:43.245237', 'dinhtul1911@gmail.com', null, null, true, true, '1111', null, null, 2, '12:00:00', '2025-10-29');
INSERT INTO public.maintenance_history (id, vehicle_id, owner_id, staff_id, technician_id, num_of_km, submitted_at, technician_receive_at, completed_at, status, created_at, created_by, updated_at, updated_by, is_maintenance, is_repair, remark, staff_receive_at, hand_over_at, center_id, schedule_time, schedule_date) VALUES (8, 2, 1, null, null, 30000, '2025-10-30 10:36:21.956052', null, null, 0, '2025-10-30 10:36:21.969414', 'dinhtul1911@gmail.com', null, null, true, true, 'abc', null, null, 2, '12:00:00', '2025-10-30');
INSERT INTO public.maintenance_history (id, vehicle_id, owner_id, staff_id, technician_id, num_of_km, submitted_at, technician_receive_at, completed_at, status, created_at, created_by, updated_at, updated_by, is_maintenance, is_repair, remark, staff_receive_at, hand_over_at, center_id, schedule_time, schedule_date) VALUES (9, 1, 1, 1, 10, 10000, '2025-10-30 10:36:36.394660', '2025-10-30 16:22:22.216102', null, 1, '2025-10-30 10:36:36.395177', 'dinhtul1911@gmail.com', '2025-10-30 16:22:22.228382', 'dinhtul1911@gmail.com', true, true, 'avvc', null, null, 2, '12:00:00', '2025-10-30');

INSERT INTO public.maintenance_item (id, maintenance_history_id, maintenance_milestone_id, service_id, created_at, created_by, updated_at, updated_by) VALUES (1, 9, 1, null, '2025-10-30 16:22:22.246192', 'dinhtul1911@gmail.com', null, null);
INSERT INTO public.maintenance_item (id, maintenance_history_id, maintenance_milestone_id, service_id, created_at, created_by, updated_at, updated_by) VALUES (2, 9, null, 27, '2025-10-30 16:22:22.256101', 'dinhtul1911@gmail.com', null, null);
INSERT INTO public.maintenance_item (id, maintenance_history_id, maintenance_milestone_id, service_id, created_at, created_by, updated_at, updated_by) VALUES (3, 9, null, 30, '2025-10-30 16:22:22.257671', 'dinhtul1911@gmail.com', null, null);
INSERT INTO public.maintenance_item (id, maintenance_history_id, maintenance_milestone_id, service_id, created_at, created_by, updated_at, updated_by) VALUES (4, 9, null, 32, '2025-10-30 16:22:22.258713', 'dinhtul1911@gmail.com', null, null);

INSERT INTO public.maintenance_milestone (id, kilometer_at, year_at, created_at, created_by, updated_at, updated_by, car_model_id) VALUES (4, 48000, 4, '2025-10-27 09:38:55.669793', 'system', null, null, 1);
INSERT INTO public.maintenance_milestone (id, kilometer_at, year_at, created_at, created_by, updated_at, updated_by, car_model_id) VALUES (6, 72000, 6, '2025-10-27 09:38:55.669793', 'system', null, null, 1);
INSERT INTO public.maintenance_milestone (id, kilometer_at, year_at, created_at, created_by, updated_at, updated_by, car_model_id) VALUES (10, 120000, 10, '2025-10-27 09:38:55.669793', 'system', null, null, 1);
INSERT INTO public.maintenance_milestone (id, kilometer_at, year_at, created_at, created_by, updated_at, updated_by, car_model_id) VALUES (5, 60000, 5, '2025-10-27 09:38:55.669793', 'system', null, null, 1);
INSERT INTO public.maintenance_milestone (id, kilometer_at, year_at, created_at, created_by, updated_at, updated_by, car_model_id) VALUES (1, 12000, 1, '2025-10-27 09:38:55.669793', 'system', null, null, 1);
INSERT INTO public.maintenance_milestone (id, kilometer_at, year_at, created_at, created_by, updated_at, updated_by, car_model_id) VALUES (7, 84000, 7, '2025-10-27 09:38:55.669793', 'system', null, null, 1);
INSERT INTO public.maintenance_milestone (id, kilometer_at, year_at, created_at, created_by, updated_at, updated_by, car_model_id) VALUES (9, 108000, 9, '2025-10-27 09:38:55.669793', 'system', null, null, 1);
INSERT INTO public.maintenance_milestone (id, kilometer_at, year_at, created_at, created_by, updated_at, updated_by, car_model_id) VALUES (8, 96000, 8, '2025-10-27 09:38:55.669793', 'system', null, null, 1);
INSERT INTO public.maintenance_milestone (id, kilometer_at, year_at, created_at, created_by, updated_at, updated_by, car_model_id) VALUES (3, 36000, 3, '2025-10-27 09:38:55.669793', 'system', null, null, 1);
INSERT INTO public.maintenance_milestone (id, kilometer_at, year_at, created_at, created_by, updated_at, updated_by, car_model_id) VALUES (2, 24000, 2, '2025-10-27 09:38:55.669793', 'system', null, null, 1);

INSERT INTO public.maintenance_schedule (id, car_model_id, maintenance_milestone_id, service_id, created_at, created_by, updated_at, updated_by, is_default) VALUES (179, 1, 1, 2, '2025-10-27 09:44:49.196471', 'system', null, null, false);
INSERT INTO public.maintenance_schedule (id, car_model_id, maintenance_milestone_id, service_id, created_at, created_by, updated_at, updated_by, is_default) VALUES (180, 1, 1, 3, '2025-10-27 09:44:49.196471', 'system', null, null, false);
INSERT INTO public.maintenance_schedule (id, car_model_id, maintenance_milestone_id, service_id, created_at, created_by, updated_at, updated_by, is_default) VALUES (181, 1, 1, 4, '2025-10-27 09:44:49.196471', 'system', null, null, false);
INSERT INTO public.maintenance_schedule (id, car_model_id, maintenance_milestone_id, service_id, created_at, created_by, updated_at, updated_by, is_default) VALUES (182, 1, 1, 5, '2025-10-27 09:44:49.196471', 'system', null, null, false);
INSERT INTO public.maintenance_schedule (id, car_model_id, maintenance_milestone_id, service_id, created_at, created_by, updated_at, updated_by, is_default) VALUES (183, 1, 2, 3, '2025-10-27 09:44:49.196471', 'system', null, null, false);
INSERT INTO public.maintenance_schedule (id, car_model_id, maintenance_milestone_id, service_id, created_at, created_by, updated_at, updated_by, is_default) VALUES (185, 1, 2, 5, '2025-10-27 09:44:49.196471', 'system', null, null, false);
INSERT INTO public.maintenance_schedule (id, car_model_id, maintenance_milestone_id, service_id, created_at, created_by, updated_at, updated_by, is_default) VALUES (187, 1, 3, 3, '2025-10-27 09:44:49.196471', 'system', null, null, false);
INSERT INTO public.maintenance_schedule (id, car_model_id, maintenance_milestone_id, service_id, created_at, created_by, updated_at, updated_by, is_default) VALUES (188, 1, 3, 4, '2025-10-27 09:44:49.196471', 'system', null, null, false);
INSERT INTO public.maintenance_schedule (id, car_model_id, maintenance_milestone_id, service_id, created_at, created_by, updated_at, updated_by, is_default) VALUES (186, 1, 3, 2, '2025-10-27 09:44:49.196471', 'system', null, null, false);
INSERT INTO public.maintenance_schedule (id, car_model_id, maintenance_milestone_id, service_id, created_at, created_by, updated_at, updated_by, is_default) VALUES (189, 1, 3, 5, '2025-10-27 09:44:49.196471', 'system', null, null, true);
INSERT INTO public.maintenance_schedule (id, car_model_id, maintenance_milestone_id, service_id, created_at, created_by, updated_at, updated_by, is_default) VALUES (190, 1, 4, 3, '2025-10-27 09:44:49.228690', 'system', null, null, false);
INSERT INTO public.maintenance_schedule (id, car_model_id, maintenance_milestone_id, service_id, created_at, created_by, updated_at, updated_by, is_default) VALUES (191, 1, 4, 4, '2025-10-27 09:44:49.228690', 'system', null, null, false);
INSERT INTO public.maintenance_schedule (id, car_model_id, maintenance_milestone_id, service_id, created_at, created_by, updated_at, updated_by, is_default) VALUES (192, 1, 4, 5, '2025-10-27 09:44:49.228690', 'system', null, null, false);
INSERT INTO public.maintenance_schedule (id, car_model_id, maintenance_milestone_id, service_id, created_at, created_by, updated_at, updated_by, is_default) VALUES (193, 1, 5, 2, '2025-10-27 09:44:49.196471', 'system', null, null, false);
INSERT INTO public.maintenance_schedule (id, car_model_id, maintenance_milestone_id, service_id, created_at, created_by, updated_at, updated_by, is_default) VALUES (194, 1, 5, 3, '2025-10-27 09:44:49.196471', 'system', null, null, false);
INSERT INTO public.maintenance_schedule (id, car_model_id, maintenance_milestone_id, service_id, created_at, created_by, updated_at, updated_by, is_default) VALUES (195, 1, 5, 4, '2025-10-27 09:44:49.196471', 'system', null, null, false);
INSERT INTO public.maintenance_schedule (id, car_model_id, maintenance_milestone_id, service_id, created_at, created_by, updated_at, updated_by, is_default) VALUES (196, 1, 5, 5, '2025-10-27 09:44:49.196471', 'system', null, null, false);
INSERT INTO public.maintenance_schedule (id, car_model_id, maintenance_milestone_id, service_id, created_at, created_by, updated_at, updated_by, is_default) VALUES (197, 1, 7, 2, '2025-10-27 09:44:49.196471', 'system', null, null, false);
INSERT INTO public.maintenance_schedule (id, car_model_id, maintenance_milestone_id, service_id, created_at, created_by, updated_at, updated_by, is_default) VALUES (198, 1, 7, 3, '2025-10-27 09:44:49.196471', 'system', null, null, false);
INSERT INTO public.maintenance_schedule (id, car_model_id, maintenance_milestone_id, service_id, created_at, created_by, updated_at, updated_by, is_default) VALUES (199, 1, 7, 4, '2025-10-27 09:44:49.196471', 'system', null, null, false);
INSERT INTO public.maintenance_schedule (id, car_model_id, maintenance_milestone_id, service_id, created_at, created_by, updated_at, updated_by, is_default) VALUES (200, 1, 7, 5, '2025-10-27 09:44:49.196471', 'system', null, null, false);
INSERT INTO public.maintenance_schedule (id, car_model_id, maintenance_milestone_id, service_id, created_at, created_by, updated_at, updated_by, is_default) VALUES (201, 1, 8, 3, '2025-10-27 09:44:49.196471', 'system', null, null, false);
INSERT INTO public.maintenance_schedule (id, car_model_id, maintenance_milestone_id, service_id, created_at, created_by, updated_at, updated_by, is_default) VALUES (202, 1, 8, 4, '2025-10-27 09:44:49.196471', 'system', null, null, false);
INSERT INTO public.maintenance_schedule (id, car_model_id, maintenance_milestone_id, service_id, created_at, created_by, updated_at, updated_by, is_default) VALUES (203, 1, 8, 5, '2025-10-27 09:44:49.196471', 'system', null, null, false);
INSERT INTO public.maintenance_schedule (id, car_model_id, maintenance_milestone_id, service_id, created_at, created_by, updated_at, updated_by, is_default) VALUES (204, 1, 9, 2, '2025-10-27 09:44:49.196471', 'system', null, null, false);
INSERT INTO public.maintenance_schedule (id, car_model_id, maintenance_milestone_id, service_id, created_at, created_by, updated_at, updated_by, is_default) VALUES (205, 1, 9, 3, '2025-10-27 09:44:49.196471', 'system', null, null, false);
INSERT INTO public.maintenance_schedule (id, car_model_id, maintenance_milestone_id, service_id, created_at, created_by, updated_at, updated_by, is_default) VALUES (206, 1, 9, 4, '2025-10-27 09:44:49.196471', 'system', null, null, false);
INSERT INTO public.maintenance_schedule (id, car_model_id, maintenance_milestone_id, service_id, created_at, created_by, updated_at, updated_by, is_default) VALUES (207, 1, 9, 5, '2025-10-27 09:44:49.196471', 'system', null, null, false);
INSERT INTO public.maintenance_schedule (id, car_model_id, maintenance_milestone_id, service_id, created_at, created_by, updated_at, updated_by, is_default) VALUES (208, 1, 10, 3, '2025-10-27 09:44:49.196471', 'system', null, null, false);
INSERT INTO public.maintenance_schedule (id, car_model_id, maintenance_milestone_id, service_id, created_at, created_by, updated_at, updated_by, is_default) VALUES (209, 1, 10, 4, '2025-10-27 09:44:49.196471', 'system', null, null, false);
INSERT INTO public.maintenance_schedule (id, car_model_id, maintenance_milestone_id, service_id, created_at, created_by, updated_at, updated_by, is_default) VALUES (210, 1, 10, 5, '2025-10-27 09:44:49.196471', 'system', null, null, false);
INSERT INTO public.maintenance_schedule (id, car_model_id, maintenance_milestone_id, service_id, created_at, created_by, updated_at, updated_by, is_default) VALUES (184, 1, 2, 4, '2025-10-27 09:44:49.196471', 'system', null, null, true);
INSERT INTO public.maintenance_schedule (id, car_model_id, maintenance_milestone_id, service_id, created_at, created_by, updated_at, updated_by, is_default) VALUES (75, 1, 7, 11, '2025-10-27 09:44:58.067134', 'system', null, null, true);
INSERT INTO public.maintenance_schedule (id, car_model_id, maintenance_milestone_id, service_id, created_at, created_by, updated_at, updated_by, is_default) VALUES (149, 1, 1, 19, '2025-10-27 09:44:58.067134', 'system', null, null, true);
INSERT INTO public.maintenance_schedule (id, car_model_id, maintenance_milestone_id, service_id, created_at, created_by, updated_at, updated_by, is_default) VALUES (40, 1, 2, 8, '2025-10-27 09:44:58.067134', 'system', null, null, true);
INSERT INTO public.maintenance_schedule (id, car_model_id, maintenance_milestone_id, service_id, created_at, created_by, updated_at, updated_by, is_default) VALUES (56, 1, 8, 9, '2025-10-27 09:44:58.067134', 'system', null, null, true);
INSERT INTO public.maintenance_schedule (id, car_model_id, maintenance_milestone_id, service_id, created_at, created_by, updated_at, updated_by, is_default) VALUES (114, 1, 6, 15, '2025-10-27 09:44:58.067134', 'system', null, null, true);
INSERT INTO public.maintenance_schedule (id, car_model_id, maintenance_milestone_id, service_id, created_at, created_by, updated_at, updated_by, is_default) VALUES (25, 1, 7, 6, '2025-10-27 09:44:58.067134', 'system', null, null, true);
INSERT INTO public.maintenance_schedule (id, car_model_id, maintenance_milestone_id, service_id, created_at, created_by, updated_at, updated_by, is_default) VALUES (88, 1, 10, 12, '2025-10-27 09:44:58.067134', 'system', null, null, true);
INSERT INTO public.maintenance_schedule (id, car_model_id, maintenance_milestone_id, service_id, created_at, created_by, updated_at, updated_by, is_default) VALUES (91, 1, 3, 13, '2025-10-27 09:44:58.067134', 'system', null, null, true);
INSERT INTO public.maintenance_schedule (id, car_model_id, maintenance_milestone_id, service_id, created_at, created_by, updated_at, updated_by, is_default) VALUES (165, 1, 7, 20, '2025-10-27 09:44:58.067134', 'system', null, null, true);
INSERT INTO public.maintenance_schedule (id, car_model_id, maintenance_milestone_id, service_id, created_at, created_by, updated_at, updated_by, is_default) VALUES (142, 1, 4, 18, '2025-10-27 09:44:58.067134', 'system', null, null, true);
INSERT INTO public.maintenance_schedule (id, car_model_id, maintenance_milestone_id, service_id, created_at, created_by, updated_at, updated_by, is_default) VALUES (162, 1, 4, 20, '2025-10-27 09:44:58.067134', 'system', null, null, true);
INSERT INTO public.maintenance_schedule (id, car_model_id, maintenance_milestone_id, service_id, created_at, created_by, updated_at, updated_by, is_default) VALUES (148, 1, 10, 18, '2025-10-27 09:44:58.067134', 'system', null, null, true);
INSERT INTO public.maintenance_schedule (id, car_model_id, maintenance_milestone_id, service_id, created_at, created_by, updated_at, updated_by, is_default) VALUES (43, 1, 5, 8, '2025-10-27 09:44:58.067134', 'system', null, null, true);
INSERT INTO public.maintenance_schedule (id, car_model_id, maintenance_milestone_id, service_id, created_at, created_by, updated_at, updated_by, is_default) VALUES (9, 1, 9, 1, '2025-10-27 09:44:49.196471', 'system', null, null, true);
INSERT INTO public.maintenance_schedule (id, car_model_id, maintenance_milestone_id, service_id, created_at, created_by, updated_at, updated_by, is_default) VALUES (146, 1, 8, 18, '2025-10-27 09:44:58.067134', 'system', null, null, true);
INSERT INTO public.maintenance_schedule (id, car_model_id, maintenance_milestone_id, service_id, created_at, created_by, updated_at, updated_by, is_default) VALUES (135, 1, 7, 17, '2025-10-27 09:44:58.067134', 'system', null, null, true);
INSERT INTO public.maintenance_schedule (id, car_model_id, maintenance_milestone_id, service_id, created_at, created_by, updated_at, updated_by, is_default) VALUES (132, 1, 4, 17, '2025-10-27 09:44:58.067134', 'system', null, null, true);
INSERT INTO public.maintenance_schedule (id, car_model_id, maintenance_milestone_id, service_id, created_at, created_by, updated_at, updated_by, is_default) VALUES (8, 1, 8, 1, '2025-10-27 09:44:49.196471', 'system', null, null, true);
INSERT INTO public.maintenance_schedule (id, car_model_id, maintenance_milestone_id, service_id, created_at, created_by, updated_at, updated_by, is_default) VALUES (123, 1, 5, 16, '2025-10-27 09:44:58.067134', 'system', null, null, true);
INSERT INTO public.maintenance_schedule (id, car_model_id, maintenance_milestone_id, service_id, created_at, created_by, updated_at, updated_by, is_default) VALUES (120, 1, 2, 16, '2025-10-27 09:44:58.067134', 'system', null, null, true);
INSERT INTO public.maintenance_schedule (id, car_model_id, maintenance_milestone_id, service_id, created_at, created_by, updated_at, updated_by, is_default) VALUES (11, 1, 2, 2, '2025-10-27 09:44:49.228690', 'system', null, null, true);
INSERT INTO public.maintenance_schedule (id, car_model_id, maintenance_milestone_id, service_id, created_at, created_by, updated_at, updated_by, is_default) VALUES (2, 1, 2, 1, '2025-10-27 09:44:49.196471', 'system', null, null, true);
INSERT INTO public.maintenance_schedule (id, car_model_id, maintenance_milestone_id, service_id, created_at, created_by, updated_at, updated_by, is_default) VALUES (22, 1, 4, 6, '2025-10-27 09:44:58.067134', 'system', null, null, true);
INSERT INTO public.maintenance_schedule (id, car_model_id, maintenance_milestone_id, service_id, created_at, created_by, updated_at, updated_by, is_default) VALUES (5, 1, 5, 1, '2025-10-27 09:44:49.196471', 'system', null, null, true);
INSERT INTO public.maintenance_schedule (id, car_model_id, maintenance_milestone_id, service_id, created_at, created_by, updated_at, updated_by, is_default) VALUES (104, 1, 6, 14, '2025-10-27 09:44:58.067134', 'system', null, null, true);
INSERT INTO public.maintenance_schedule (id, car_model_id, maintenance_milestone_id, service_id, created_at, created_by, updated_at, updated_by, is_default) VALUES (116, 1, 8, 15, '2025-10-27 09:44:58.067134', 'system', null, null, true);
INSERT INTO public.maintenance_schedule (id, car_model_id, maintenance_milestone_id, service_id, created_at, created_by, updated_at, updated_by, is_default) VALUES (50, 1, 2, 9, '2025-10-27 09:44:58.067134', 'system', null, null, true);
INSERT INTO public.maintenance_schedule (id, car_model_id, maintenance_milestone_id, service_id, created_at, created_by, updated_at, updated_by, is_default) VALUES (152, 1, 4, 19, '2025-10-27 09:44:58.067134', 'system', null, null, true);
INSERT INTO public.maintenance_schedule (id, car_model_id, maintenance_milestone_id, service_id, created_at, created_by, updated_at, updated_by, is_default) VALUES (155, 1, 7, 19, '2025-10-27 09:44:58.067134', 'system', null, null, true);
INSERT INTO public.maintenance_schedule (id, car_model_id, maintenance_milestone_id, service_id, created_at, created_by, updated_at, updated_by, is_default) VALUES (164, 1, 6, 20, '2025-10-27 09:44:58.067134', 'system', null, null, true);
INSERT INTO public.maintenance_schedule (id, car_model_id, maintenance_milestone_id, service_id, created_at, created_by, updated_at, updated_by, is_default) VALUES (167, 1, 9, 20, '2025-10-27 09:44:58.067134', 'system', null, null, true);
INSERT INTO public.maintenance_schedule (id, car_model_id, maintenance_milestone_id, service_id, created_at, created_by, updated_at, updated_by, is_default) VALUES (107, 1, 9, 14, '2025-10-27 09:44:58.067134', 'system', null, null, true);
INSERT INTO public.maintenance_schedule (id, car_model_id, maintenance_milestone_id, service_id, created_at, created_by, updated_at, updated_by, is_default) VALUES (41, 1, 3, 8, '2025-10-27 09:44:58.067134', 'system', null, null, true);
INSERT INTO public.maintenance_schedule (id, car_model_id, maintenance_milestone_id, service_id, created_at, created_by, updated_at, updated_by, is_default) VALUES (129, 1, 1, 17, '2025-10-27 09:44:58.067134', 'system', null, null, true);
INSERT INTO public.maintenance_schedule (id, car_model_id, maintenance_milestone_id, service_id, created_at, created_by, updated_at, updated_by, is_default) VALUES (54, 1, 6, 9, '2025-10-27 09:44:58.067134', 'system', null, null, true);
INSERT INTO public.maintenance_schedule (id, car_model_id, maintenance_milestone_id, service_id, created_at, created_by, updated_at, updated_by, is_default) VALUES (105, 1, 7, 14, '2025-10-27 09:44:58.067134', 'system', null, null, true);
INSERT INTO public.maintenance_schedule (id, car_model_id, maintenance_milestone_id, service_id, created_at, created_by, updated_at, updated_by, is_default) VALUES (63, 1, 5, 10, '2025-10-27 09:44:58.067134', 'system', null, null, true);
INSERT INTO public.maintenance_schedule (id, car_model_id, maintenance_milestone_id, service_id, created_at, created_by, updated_at, updated_by, is_default) VALUES (119, 1, 1, 16, '2025-10-27 09:44:58.067134', 'system', null, null, true);
INSERT INTO public.maintenance_schedule (id, car_model_id, maintenance_milestone_id, service_id, created_at, created_by, updated_at, updated_by, is_default) VALUES (117, 1, 9, 15, '2025-10-27 09:44:58.067134', 'system', null, null, true);
INSERT INTO public.maintenance_schedule (id, car_model_id, maintenance_milestone_id, service_id, created_at, created_by, updated_at, updated_by, is_default) VALUES (57, 1, 9, 9, '2025-10-27 09:44:58.067134', 'system', null, null, true);
INSERT INTO public.maintenance_schedule (id, car_model_id, maintenance_milestone_id, service_id, created_at, created_by, updated_at, updated_by, is_default) VALUES (59, 1, 1, 10, '2025-10-27 09:44:58.067134', 'system', null, null, true);
INSERT INTO public.maintenance_schedule (id, car_model_id, maintenance_milestone_id, service_id, created_at, created_by, updated_at, updated_by, is_default) VALUES (174, 1, 6, 21, '2025-10-27 09:44:58.067134', 'system', null, null, true);
INSERT INTO public.maintenance_schedule (id, car_model_id, maintenance_milestone_id, service_id, created_at, created_by, updated_at, updated_by, is_default) VALUES (95, 1, 7, 13, '2025-10-27 09:44:58.067134', 'system', null, null, true);
INSERT INTO public.maintenance_schedule (id, car_model_id, maintenance_milestone_id, service_id, created_at, created_by, updated_at, updated_by, is_default) VALUES (168, 1, 10, 20, '2025-10-27 09:44:58.067134', 'system', null, null, true);
INSERT INTO public.maintenance_schedule (id, car_model_id, maintenance_milestone_id, service_id, created_at, created_by, updated_at, updated_by, is_default) VALUES (131, 1, 3, 17, '2025-10-27 09:44:58.067134', 'system', null, null, true);
INSERT INTO public.maintenance_schedule (id, car_model_id, maintenance_milestone_id, service_id, created_at, created_by, updated_at, updated_by, is_default) VALUES (87, 1, 9, 12, '2025-10-27 09:44:58.067134', 'system', null, null, true);
INSERT INTO public.maintenance_schedule (id, car_model_id, maintenance_milestone_id, service_id, created_at, created_by, updated_at, updated_by, is_default) VALUES (176, 1, 8, 21, '2025-10-27 09:44:58.067134', 'system', null, null, true);
INSERT INTO public.maintenance_schedule (id, car_model_id, maintenance_milestone_id, service_id, created_at, created_by, updated_at, updated_by, is_default) VALUES (158, 1, 10, 19, '2025-10-27 09:44:58.067134', 'system', null, null, true);
INSERT INTO public.maintenance_schedule (id, car_model_id, maintenance_milestone_id, service_id, created_at, created_by, updated_at, updated_by, is_default) VALUES (15, 1, 10, 2, '2025-10-27 09:44:49.228690', 'system', null, null, true);
INSERT INTO public.maintenance_schedule (id, car_model_id, maintenance_milestone_id, service_id, created_at, created_by, updated_at, updated_by, is_default) VALUES (166, 1, 8, 20, '2025-10-27 09:44:58.067134', 'system', null, null, true);
INSERT INTO public.maintenance_schedule (id, car_model_id, maintenance_milestone_id, service_id, created_at, created_by, updated_at, updated_by, is_default) VALUES (28, 1, 10, 6, '2025-10-27 09:44:58.067134', 'system', null, null, true);
INSERT INTO public.maintenance_schedule (id, car_model_id, maintenance_milestone_id, service_id, created_at, created_by, updated_at, updated_by, is_default) VALUES (103, 1, 5, 14, '2025-10-27 09:44:58.067134', 'system', null, null, true);
INSERT INTO public.maintenance_schedule (id, car_model_id, maintenance_milestone_id, service_id, created_at, created_by, updated_at, updated_by, is_default) VALUES (64, 1, 6, 10, '2025-10-27 09:44:58.067134', 'system', null, null, true);
INSERT INTO public.maintenance_schedule (id, car_model_id, maintenance_milestone_id, service_id, created_at, created_by, updated_at, updated_by, is_default) VALUES (127, 1, 9, 16, '2025-10-27 09:44:58.067134', 'system', null, null, true);
INSERT INTO public.maintenance_schedule (id, car_model_id, maintenance_milestone_id, service_id, created_at, created_by, updated_at, updated_by, is_default) VALUES (136, 1, 8, 17, '2025-10-27 09:44:58.067134', 'system', null, null, true);
INSERT INTO public.maintenance_schedule (id, car_model_id, maintenance_milestone_id, service_id, created_at, created_by, updated_at, updated_by, is_default) VALUES (26, 1, 8, 6, '2025-10-27 09:44:58.067134', 'system', null, null, true);
INSERT INTO public.maintenance_schedule (id, car_model_id, maintenance_milestone_id, service_id, created_at, created_by, updated_at, updated_by, is_default) VALUES (55, 1, 7, 9, '2025-10-27 09:44:58.067134', 'system', null, null, true);
INSERT INTO public.maintenance_schedule (id, car_model_id, maintenance_milestone_id, service_id, created_at, created_by, updated_at, updated_by, is_default) VALUES (150, 1, 2, 19, '2025-10-27 09:44:58.067134', 'system', null, null, true);
INSERT INTO public.maintenance_schedule (id, car_model_id, maintenance_milestone_id, service_id, created_at, created_by, updated_at, updated_by, is_default) VALUES (144, 1, 6, 18, '2025-10-27 09:44:58.067134', 'system', null, null, true);
INSERT INTO public.maintenance_schedule (id, car_model_id, maintenance_milestone_id, service_id, created_at, created_by, updated_at, updated_by, is_default) VALUES (53, 1, 5, 9, '2025-10-27 09:44:58.067134', 'system', null, null, true);
INSERT INTO public.maintenance_schedule (id, car_model_id, maintenance_milestone_id, service_id, created_at, created_by, updated_at, updated_by, is_default) VALUES (18, 1, 6, 5, '2025-10-27 09:44:49.261668', 'system', null, null, true);
INSERT INTO public.maintenance_schedule (id, car_model_id, maintenance_milestone_id, service_id, created_at, created_by, updated_at, updated_by, is_default) VALUES (113, 1, 5, 15, '2025-10-27 09:44:58.067134', 'system', null, null, true);
INSERT INTO public.maintenance_schedule (id, car_model_id, maintenance_milestone_id, service_id, created_at, created_by, updated_at, updated_by, is_default) VALUES (121, 1, 3, 16, '2025-10-27 09:44:58.067134', 'system', null, null, true);
INSERT INTO public.maintenance_schedule (id, car_model_id, maintenance_milestone_id, service_id, created_at, created_by, updated_at, updated_by, is_default) VALUES (20, 1, 2, 6, '2025-10-27 09:44:58.067134', 'system', null, null, true);
INSERT INTO public.maintenance_schedule (id, car_model_id, maintenance_milestone_id, service_id, created_at, created_by, updated_at, updated_by, is_default) VALUES (109, 1, 1, 15, '2025-10-27 09:44:58.067134', 'system', null, null, true);
INSERT INTO public.maintenance_schedule (id, car_model_id, maintenance_milestone_id, service_id, created_at, created_by, updated_at, updated_by, is_default) VALUES (111, 1, 3, 15, '2025-10-27 09:44:58.067134', 'system', null, null, true);
INSERT INTO public.maintenance_schedule (id, car_model_id, maintenance_milestone_id, service_id, created_at, created_by, updated_at, updated_by, is_default) VALUES (133, 1, 5, 17, '2025-10-27 09:44:58.067134', 'system', null, null, true);
INSERT INTO public.maintenance_schedule (id, car_model_id, maintenance_milestone_id, service_id, created_at, created_by, updated_at, updated_by, is_default) VALUES (7, 1, 7, 1, '2025-10-27 09:44:49.196471', 'system', null, null, true);
INSERT INTO public.maintenance_schedule (id, car_model_id, maintenance_milestone_id, service_id, created_at, created_by, updated_at, updated_by, is_default) VALUES (178, 1, 10, 21, '2025-10-27 09:44:58.067134', 'system', null, null, true);
INSERT INTO public.maintenance_schedule (id, car_model_id, maintenance_milestone_id, service_id, created_at, created_by, updated_at, updated_by, is_default) VALUES (73, 1, 5, 11, '2025-10-27 09:44:58.067134', 'system', null, null, true);
INSERT INTO public.maintenance_schedule (id, car_model_id, maintenance_milestone_id, service_id, created_at, created_by, updated_at, updated_by, is_default) VALUES (93, 1, 5, 13, '2025-10-27 09:44:58.067134', 'system', null, null, true);
INSERT INTO public.maintenance_schedule (id, car_model_id, maintenance_milestone_id, service_id, created_at, created_by, updated_at, updated_by, is_default) VALUES (81, 1, 3, 12, '2025-10-27 09:44:58.067134', 'system', null, null, true);
INSERT INTO public.maintenance_schedule (id, car_model_id, maintenance_milestone_id, service_id, created_at, created_by, updated_at, updated_by, is_default) VALUES (89, 1, 1, 13, '2025-10-27 09:44:58.067134', 'system', null, null, true);
INSERT INTO public.maintenance_schedule (id, car_model_id, maintenance_milestone_id, service_id, created_at, created_by, updated_at, updated_by, is_default) VALUES (85, 1, 7, 12, '2025-10-27 09:44:58.067134', 'system', null, null, true);
INSERT INTO public.maintenance_schedule (id, car_model_id, maintenance_milestone_id, service_id, created_at, created_by, updated_at, updated_by, is_default) VALUES (74, 1, 6, 11, '2025-10-27 09:44:58.067134', 'system', null, null, true);
INSERT INTO public.maintenance_schedule (id, car_model_id, maintenance_milestone_id, service_id, created_at, created_by, updated_at, updated_by, is_default) VALUES (13, 1, 6, 2, '2025-10-27 09:44:49.228690', 'system', null, null, true);
INSERT INTO public.maintenance_schedule (id, car_model_id, maintenance_milestone_id, service_id, created_at, created_by, updated_at, updated_by, is_default) VALUES (78, 1, 10, 11, '2025-10-27 09:44:58.067134', 'system', null, null, true);
INSERT INTO public.maintenance_schedule (id, car_model_id, maintenance_milestone_id, service_id, created_at, created_by, updated_at, updated_by, is_default) VALUES (1, 1, 1, 1, '2025-10-27 09:44:49.196471', 'system', null, null, true);
INSERT INTO public.maintenance_schedule (id, car_model_id, maintenance_milestone_id, service_id, created_at, created_by, updated_at, updated_by, is_default) VALUES (36, 1, 8, 7, '2025-10-27 09:44:58.067134', 'system', null, null, true);
INSERT INTO public.maintenance_schedule (id, car_model_id, maintenance_milestone_id, service_id, created_at, created_by, updated_at, updated_by, is_default) VALUES (101, 1, 3, 14, '2025-10-27 09:44:58.067134', 'system', null, null, true);
INSERT INTO public.maintenance_schedule (id, car_model_id, maintenance_milestone_id, service_id, created_at, created_by, updated_at, updated_by, is_default) VALUES (68, 1, 10, 10, '2025-10-27 09:44:58.067134', 'system', null, null, true);
INSERT INTO public.maintenance_schedule (id, car_model_id, maintenance_milestone_id, service_id, created_at, created_by, updated_at, updated_by, is_default) VALUES (34, 1, 6, 7, '2025-10-27 09:44:58.067134', 'system', null, null, true);
INSERT INTO public.maintenance_schedule (id, car_model_id, maintenance_milestone_id, service_id, created_at, created_by, updated_at, updated_by, is_default) VALUES (24, 1, 6, 6, '2025-10-27 09:44:58.067134', 'system', null, null, true);
INSERT INTO public.maintenance_schedule (id, car_model_id, maintenance_milestone_id, service_id, created_at, created_by, updated_at, updated_by, is_default) VALUES (38, 1, 10, 7, '2025-10-27 09:44:58.067134', 'system', null, null, true);
INSERT INTO public.maintenance_schedule (id, car_model_id, maintenance_milestone_id, service_id, created_at, created_by, updated_at, updated_by, is_default) VALUES (76, 1, 8, 11, '2025-10-27 09:44:58.067134', 'system', null, null, true);
INSERT INTO public.maintenance_schedule (id, car_model_id, maintenance_milestone_id, service_id, created_at, created_by, updated_at, updated_by, is_default) VALUES (46, 1, 8, 8, '2025-10-27 09:44:58.067134', 'system', null, null, true);
INSERT INTO public.maintenance_schedule (id, car_model_id, maintenance_milestone_id, service_id, created_at, created_by, updated_at, updated_by, is_default) VALUES (32, 1, 4, 7, '2025-10-27 09:44:58.067134', 'system', null, null, true);
INSERT INTO public.maintenance_schedule (id, car_model_id, maintenance_milestone_id, service_id, created_at, created_by, updated_at, updated_by, is_default) VALUES (70, 1, 2, 11, '2025-10-27 09:44:58.067134', 'system', null, null, true);
INSERT INTO public.maintenance_schedule (id, car_model_id, maintenance_milestone_id, service_id, created_at, created_by, updated_at, updated_by, is_default) VALUES (44, 1, 6, 8, '2025-10-27 09:44:58.067134', 'system', null, null, true);
INSERT INTO public.maintenance_schedule (id, car_model_id, maintenance_milestone_id, service_id, created_at, created_by, updated_at, updated_by, is_default) VALUES (66, 1, 8, 10, '2025-10-27 09:44:58.067134', 'system', null, null, true);
INSERT INTO public.maintenance_schedule (id, car_model_id, maintenance_milestone_id, service_id, created_at, created_by, updated_at, updated_by, is_default) VALUES (42, 1, 4, 8, '2025-10-27 09:44:58.067134', 'system', null, null, true);
INSERT INTO public.maintenance_schedule (id, car_model_id, maintenance_milestone_id, service_id, created_at, created_by, updated_at, updated_by, is_default) VALUES (48, 1, 10, 8, '2025-10-27 09:44:58.067134', 'system', null, null, true);
INSERT INTO public.maintenance_schedule (id, car_model_id, maintenance_milestone_id, service_id, created_at, created_by, updated_at, updated_by, is_default) VALUES (157, 1, 9, 19, '2025-10-27 09:44:58.067134', 'system', null, null, true);
INSERT INTO public.maintenance_schedule (id, car_model_id, maintenance_milestone_id, service_id, created_at, created_by, updated_at, updated_by, is_default) VALUES (122, 1, 4, 16, '2025-10-27 09:44:58.067134', 'system', null, null, true);
INSERT INTO public.maintenance_schedule (id, car_model_id, maintenance_milestone_id, service_id, created_at, created_by, updated_at, updated_by, is_default) VALUES (17, 1, 6, 4, '2025-10-27 09:44:49.252814', 'system', null, null, true);
INSERT INTO public.maintenance_schedule (id, car_model_id, maintenance_milestone_id, service_id, created_at, created_by, updated_at, updated_by, is_default) VALUES (77, 1, 9, 11, '2025-10-27 09:44:58.067134', 'system', null, null, true);
INSERT INTO public.maintenance_schedule (id, car_model_id, maintenance_milestone_id, service_id, created_at, created_by, updated_at, updated_by, is_default) VALUES (143, 1, 5, 18, '2025-10-27 09:44:58.067134', 'system', null, null, true);
INSERT INTO public.maintenance_schedule (id, car_model_id, maintenance_milestone_id, service_id, created_at, created_by, updated_at, updated_by, is_default) VALUES (83, 1, 5, 12, '2025-10-27 09:44:58.067134', 'system', null, null, true);
INSERT INTO public.maintenance_schedule (id, car_model_id, maintenance_milestone_id, service_id, created_at, created_by, updated_at, updated_by, is_default) VALUES (10, 1, 10, 1, '2025-10-27 09:44:49.196471', 'system', null, null, true);
INSERT INTO public.maintenance_schedule (id, car_model_id, maintenance_milestone_id, service_id, created_at, created_by, updated_at, updated_by, is_default) VALUES (3, 1, 3, 1, '2025-10-27 09:44:49.196471', 'system', null, null, true);
INSERT INTO public.maintenance_schedule (id, car_model_id, maintenance_milestone_id, service_id, created_at, created_by, updated_at, updated_by, is_default) VALUES (125, 1, 7, 16, '2025-10-27 09:44:58.067134', 'system', null, null, true);
INSERT INTO public.maintenance_schedule (id, car_model_id, maintenance_milestone_id, service_id, created_at, created_by, updated_at, updated_by, is_default) VALUES (16, 1, 6, 3, '2025-10-27 09:44:49.245460', 'system', null, null, true);
INSERT INTO public.maintenance_schedule (id, car_model_id, maintenance_milestone_id, service_id, created_at, created_by, updated_at, updated_by, is_default) VALUES (30, 1, 2, 7, '2025-10-27 09:44:58.067134', 'system', null, null, true);
INSERT INTO public.maintenance_schedule (id, car_model_id, maintenance_milestone_id, service_id, created_at, created_by, updated_at, updated_by, is_default) VALUES (154, 1, 6, 19, '2025-10-27 09:44:58.067134', 'system', null, null, true);
INSERT INTO public.maintenance_schedule (id, car_model_id, maintenance_milestone_id, service_id, created_at, created_by, updated_at, updated_by, is_default) VALUES (140, 1, 2, 18, '2025-10-27 09:44:58.067134', 'system', null, null, true);
INSERT INTO public.maintenance_schedule (id, car_model_id, maintenance_milestone_id, service_id, created_at, created_by, updated_at, updated_by, is_default) VALUES (115, 1, 7, 15, '2025-10-27 09:44:58.067134', 'system', null, null, true);
INSERT INTO public.maintenance_schedule (id, car_model_id, maintenance_milestone_id, service_id, created_at, created_by, updated_at, updated_by, is_default) VALUES (106, 1, 8, 14, '2025-10-27 09:44:58.067134', 'system', null, null, true);
INSERT INTO public.maintenance_schedule (id, car_model_id, maintenance_milestone_id, service_id, created_at, created_by, updated_at, updated_by, is_default) VALUES (97, 1, 9, 13, '2025-10-27 09:44:58.067134', 'system', null, null, true);
INSERT INTO public.maintenance_schedule (id, car_model_id, maintenance_milestone_id, service_id, created_at, created_by, updated_at, updated_by, is_default) VALUES (134, 1, 6, 17, '2025-10-27 09:44:58.067134', 'system', null, null, true);
INSERT INTO public.maintenance_schedule (id, car_model_id, maintenance_milestone_id, service_id, created_at, created_by, updated_at, updated_by, is_default) VALUES (156, 1, 8, 19, '2025-10-27 09:44:58.067134', 'system', null, null, true);
INSERT INTO public.maintenance_schedule (id, car_model_id, maintenance_milestone_id, service_id, created_at, created_by, updated_at, updated_by, is_default) VALUES (96, 1, 8, 13, '2025-10-27 09:44:58.067134', 'system', null, null, true);
INSERT INTO public.maintenance_schedule (id, car_model_id, maintenance_milestone_id, service_id, created_at, created_by, updated_at, updated_by, is_default) VALUES (99, 1, 1, 14, '2025-10-27 09:44:58.067134', 'system', null, null, true);
INSERT INTO public.maintenance_schedule (id, car_model_id, maintenance_milestone_id, service_id, created_at, created_by, updated_at, updated_by, is_default) VALUES (58, 1, 10, 9, '2025-10-27 09:44:58.067134', 'system', null, null, true);
INSERT INTO public.maintenance_schedule (id, car_model_id, maintenance_milestone_id, service_id, created_at, created_by, updated_at, updated_by, is_default) VALUES (124, 1, 6, 16, '2025-10-27 09:44:58.067134', 'system', null, null, true);
INSERT INTO public.maintenance_schedule (id, car_model_id, maintenance_milestone_id, service_id, created_at, created_by, updated_at, updated_by, is_default) VALUES (62, 1, 4, 10, '2025-10-27 09:44:58.067134', 'system', null, null, true);
INSERT INTO public.maintenance_schedule (id, car_model_id, maintenance_milestone_id, service_id, created_at, created_by, updated_at, updated_by, is_default) VALUES (141, 1, 3, 18, '2025-10-27 09:44:58.067134', 'system', null, null, true);
INSERT INTO public.maintenance_schedule (id, car_model_id, maintenance_milestone_id, service_id, created_at, created_by, updated_at, updated_by, is_default) VALUES (147, 1, 9, 18, '2025-10-27 09:44:58.067134', 'system', null, null, true);
INSERT INTO public.maintenance_schedule (id, car_model_id, maintenance_milestone_id, service_id, created_at, created_by, updated_at, updated_by, is_default) VALUES (23, 1, 5, 6, '2025-10-27 09:44:58.067134', 'system', null, null, true);
INSERT INTO public.maintenance_schedule (id, car_model_id, maintenance_milestone_id, service_id, created_at, created_by, updated_at, updated_by, is_default) VALUES (112, 1, 4, 15, '2025-10-27 09:44:58.067134', 'system', null, null, true);
INSERT INTO public.maintenance_schedule (id, car_model_id, maintenance_milestone_id, service_id, created_at, created_by, updated_at, updated_by, is_default) VALUES (61, 1, 3, 10, '2025-10-27 09:44:58.067134', 'system', null, null, true);
INSERT INTO public.maintenance_schedule (id, car_model_id, maintenance_milestone_id, service_id, created_at, created_by, updated_at, updated_by, is_default) VALUES (49, 1, 1, 9, '2025-10-27 09:44:58.067134', 'system', null, null, true);
INSERT INTO public.maintenance_schedule (id, car_model_id, maintenance_milestone_id, service_id, created_at, created_by, updated_at, updated_by, is_default) VALUES (175, 1, 7, 21, '2025-10-27 09:44:58.067134', 'system', null, null, true);
INSERT INTO public.maintenance_schedule (id, car_model_id, maintenance_milestone_id, service_id, created_at, created_by, updated_at, updated_by, is_default) VALUES (51, 1, 3, 9, '2025-10-27 09:44:58.067134', 'system', null, null, true);
INSERT INTO public.maintenance_schedule (id, car_model_id, maintenance_milestone_id, service_id, created_at, created_by, updated_at, updated_by, is_default) VALUES (170, 1, 2, 21, '2025-10-27 09:44:58.067134', 'system', null, null, true);
INSERT INTO public.maintenance_schedule (id, car_model_id, maintenance_milestone_id, service_id, created_at, created_by, updated_at, updated_by, is_default) VALUES (172, 1, 4, 21, '2025-10-27 09:44:58.067134', 'system', null, null, true);
INSERT INTO public.maintenance_schedule (id, car_model_id, maintenance_milestone_id, service_id, created_at, created_by, updated_at, updated_by, is_default) VALUES (173, 1, 5, 21, '2025-10-27 09:44:58.067134', 'system', null, null, true);
INSERT INTO public.maintenance_schedule (id, car_model_id, maintenance_milestone_id, service_id, created_at, created_by, updated_at, updated_by, is_default) VALUES (118, 1, 10, 15, '2025-10-27 09:44:58.067134', 'system', null, null, true);
INSERT INTO public.maintenance_schedule (id, car_model_id, maintenance_milestone_id, service_id, created_at, created_by, updated_at, updated_by, is_default) VALUES (161, 1, 3, 20, '2025-10-27 09:44:58.067134', 'system', null, null, true);
INSERT INTO public.maintenance_schedule (id, car_model_id, maintenance_milestone_id, service_id, created_at, created_by, updated_at, updated_by, is_default) VALUES (163, 1, 5, 20, '2025-10-27 09:44:58.067134', 'system', null, null, true);
INSERT INTO public.maintenance_schedule (id, car_model_id, maintenance_milestone_id, service_id, created_at, created_by, updated_at, updated_by, is_default) VALUES (137, 1, 9, 17, '2025-10-27 09:44:58.067134', 'system', null, null, true);
INSERT INTO public.maintenance_schedule (id, car_model_id, maintenance_milestone_id, service_id, created_at, created_by, updated_at, updated_by, is_default) VALUES (160, 1, 2, 20, '2025-10-27 09:44:58.067134', 'system', null, null, true);
INSERT INTO public.maintenance_schedule (id, car_model_id, maintenance_milestone_id, service_id, created_at, created_by, updated_at, updated_by, is_default) VALUES (60, 1, 2, 10, '2025-10-27 09:44:58.067134', 'system', null, null, true);
INSERT INTO public.maintenance_schedule (id, car_model_id, maintenance_milestone_id, service_id, created_at, created_by, updated_at, updated_by, is_default) VALUES (29, 1, 1, 7, '2025-10-27 09:44:58.067134', 'system', null, null, true);
INSERT INTO public.maintenance_schedule (id, car_model_id, maintenance_milestone_id, service_id, created_at, created_by, updated_at, updated_by, is_default) VALUES (126, 1, 8, 16, '2025-10-27 09:44:58.067134', 'system', null, null, true);
INSERT INTO public.maintenance_schedule (id, car_model_id, maintenance_milestone_id, service_id, created_at, created_by, updated_at, updated_by, is_default) VALUES (145, 1, 7, 18, '2025-10-27 09:44:58.067134', 'system', null, null, true);
INSERT INTO public.maintenance_schedule (id, car_model_id, maintenance_milestone_id, service_id, created_at, created_by, updated_at, updated_by, is_default) VALUES (52, 1, 4, 9, '2025-10-27 09:44:58.067134', 'system', null, null, true);
INSERT INTO public.maintenance_schedule (id, car_model_id, maintenance_milestone_id, service_id, created_at, created_by, updated_at, updated_by, is_default) VALUES (21, 1, 3, 6, '2025-10-27 09:44:58.067134', 'system', null, null, true);
INSERT INTO public.maintenance_schedule (id, car_model_id, maintenance_milestone_id, service_id, created_at, created_by, updated_at, updated_by, is_default) VALUES (153, 1, 5, 19, '2025-10-27 09:44:58.067134', 'system', null, null, true);
INSERT INTO public.maintenance_schedule (id, car_model_id, maintenance_milestone_id, service_id, created_at, created_by, updated_at, updated_by, is_default) VALUES (14, 1, 8, 2, '2025-10-27 09:44:49.228690', 'system', null, null, true);
INSERT INTO public.maintenance_schedule (id, car_model_id, maintenance_milestone_id, service_id, created_at, created_by, updated_at, updated_by, is_default) VALUES (100, 1, 2, 14, '2025-10-27 09:44:58.067134', 'system', null, null, true);
INSERT INTO public.maintenance_schedule (id, car_model_id, maintenance_milestone_id, service_id, created_at, created_by, updated_at, updated_by, is_default) VALUES (37, 1, 9, 7, '2025-10-27 09:44:58.067134', 'system', null, null, true);
INSERT INTO public.maintenance_schedule (id, car_model_id, maintenance_milestone_id, service_id, created_at, created_by, updated_at, updated_by, is_default) VALUES (65, 1, 7, 10, '2025-10-27 09:44:58.067134', 'system', null, null, true);
INSERT INTO public.maintenance_schedule (id, car_model_id, maintenance_milestone_id, service_id, created_at, created_by, updated_at, updated_by, is_default) VALUES (171, 1, 3, 21, '2025-10-27 09:44:58.067134', 'system', null, null, true);
INSERT INTO public.maintenance_schedule (id, car_model_id, maintenance_milestone_id, service_id, created_at, created_by, updated_at, updated_by, is_default) VALUES (128, 1, 10, 16, '2025-10-27 09:44:58.067134', 'system', null, null, true);
INSERT INTO public.maintenance_schedule (id, car_model_id, maintenance_milestone_id, service_id, created_at, created_by, updated_at, updated_by, is_default) VALUES (169, 1, 1, 21, '2025-10-27 09:44:58.067134', 'system', null, null, true);
INSERT INTO public.maintenance_schedule (id, car_model_id, maintenance_milestone_id, service_id, created_at, created_by, updated_at, updated_by, is_default) VALUES (138, 1, 10, 17, '2025-10-27 09:44:58.067134', 'system', null, null, true);
INSERT INTO public.maintenance_schedule (id, car_model_id, maintenance_milestone_id, service_id, created_at, created_by, updated_at, updated_by, is_default) VALUES (108, 1, 10, 14, '2025-10-27 09:44:58.067134', 'system', null, null, true);
INSERT INTO public.maintenance_schedule (id, car_model_id, maintenance_milestone_id, service_id, created_at, created_by, updated_at, updated_by, is_default) VALUES (102, 1, 4, 14, '2025-10-27 09:44:58.067134', 'system', null, null, true);
INSERT INTO public.maintenance_schedule (id, car_model_id, maintenance_milestone_id, service_id, created_at, created_by, updated_at, updated_by, is_default) VALUES (6, 1, 6, 1, '2025-10-27 09:44:49.196471', 'system', null, null, true);
INSERT INTO public.maintenance_schedule (id, car_model_id, maintenance_milestone_id, service_id, created_at, created_by, updated_at, updated_by, is_default) VALUES (130, 1, 2, 17, '2025-10-27 09:44:58.067134', 'system', null, null, true);
INSERT INTO public.maintenance_schedule (id, car_model_id, maintenance_milestone_id, service_id, created_at, created_by, updated_at, updated_by, is_default) VALUES (110, 1, 2, 15, '2025-10-27 09:44:58.067134', 'system', null, null, true);
INSERT INTO public.maintenance_schedule (id, car_model_id, maintenance_milestone_id, service_id, created_at, created_by, updated_at, updated_by, is_default) VALUES (4, 1, 4, 1, '2025-10-27 09:44:49.196471', 'system', null, null, true);
INSERT INTO public.maintenance_schedule (id, car_model_id, maintenance_milestone_id, service_id, created_at, created_by, updated_at, updated_by, is_default) VALUES (31, 1, 3, 7, '2025-10-27 09:44:58.067134', 'system', null, null, true);
INSERT INTO public.maintenance_schedule (id, car_model_id, maintenance_milestone_id, service_id, created_at, created_by, updated_at, updated_by, is_default) VALUES (159, 1, 1, 20, '2025-10-27 09:44:58.067134', 'system', null, null, true);
INSERT INTO public.maintenance_schedule (id, car_model_id, maintenance_milestone_id, service_id, created_at, created_by, updated_at, updated_by, is_default) VALUES (19, 1, 1, 6, '2025-10-27 09:44:58.067134', 'system', null, null, true);
INSERT INTO public.maintenance_schedule (id, car_model_id, maintenance_milestone_id, service_id, created_at, created_by, updated_at, updated_by, is_default) VALUES (139, 1, 1, 18, '2025-10-27 09:44:58.067134', 'system', null, null, true);
INSERT INTO public.maintenance_schedule (id, car_model_id, maintenance_milestone_id, service_id, created_at, created_by, updated_at, updated_by, is_default) VALUES (151, 1, 3, 19, '2025-10-27 09:44:58.067134', 'system', null, null, true);
INSERT INTO public.maintenance_schedule (id, car_model_id, maintenance_milestone_id, service_id, created_at, created_by, updated_at, updated_by, is_default) VALUES (27, 1, 9, 6, '2025-10-27 09:44:58.067134', 'system', null, null, true);
INSERT INTO public.maintenance_schedule (id, car_model_id, maintenance_milestone_id, service_id, created_at, created_by, updated_at, updated_by, is_default) VALUES (79, 1, 1, 12, '2025-10-27 09:44:58.067134', 'system', null, null, true);
INSERT INTO public.maintenance_schedule (id, car_model_id, maintenance_milestone_id, service_id, created_at, created_by, updated_at, updated_by, is_default) VALUES (12, 1, 4, 2, '2025-10-27 09:44:49.228690', 'system', null, null, true);
INSERT INTO public.maintenance_schedule (id, car_model_id, maintenance_milestone_id, service_id, created_at, created_by, updated_at, updated_by, is_default) VALUES (98, 1, 10, 13, '2025-10-27 09:44:58.067134', 'system', null, null, true);
INSERT INTO public.maintenance_schedule (id, car_model_id, maintenance_milestone_id, service_id, created_at, created_by, updated_at, updated_by, is_default) VALUES (67, 1, 9, 10, '2025-10-27 09:44:58.067134', 'system', null, null, true);
INSERT INTO public.maintenance_schedule (id, car_model_id, maintenance_milestone_id, service_id, created_at, created_by, updated_at, updated_by, is_default) VALUES (177, 1, 9, 21, '2025-10-27 09:44:58.067134', 'system', null, null, true);
INSERT INTO public.maintenance_schedule (id, car_model_id, maintenance_milestone_id, service_id, created_at, created_by, updated_at, updated_by, is_default) VALUES (39, 1, 1, 8, '2025-10-27 09:44:58.067134', 'system', null, null, true);
INSERT INTO public.maintenance_schedule (id, car_model_id, maintenance_milestone_id, service_id, created_at, created_by, updated_at, updated_by, is_default) VALUES (47, 1, 9, 8, '2025-10-27 09:44:58.067134', 'system', null, null, true);
INSERT INTO public.maintenance_schedule (id, car_model_id, maintenance_milestone_id, service_id, created_at, created_by, updated_at, updated_by, is_default) VALUES (92, 1, 4, 13, '2025-10-27 09:44:58.067134', 'system', null, null, true);
INSERT INTO public.maintenance_schedule (id, car_model_id, maintenance_milestone_id, service_id, created_at, created_by, updated_at, updated_by, is_default) VALUES (90, 1, 2, 13, '2025-10-27 09:44:58.067134', 'system', null, null, true);
INSERT INTO public.maintenance_schedule (id, car_model_id, maintenance_milestone_id, service_id, created_at, created_by, updated_at, updated_by, is_default) VALUES (72, 1, 4, 11, '2025-10-27 09:44:58.067134', 'system', null, null, true);
INSERT INTO public.maintenance_schedule (id, car_model_id, maintenance_milestone_id, service_id, created_at, created_by, updated_at, updated_by, is_default) VALUES (94, 1, 6, 13, '2025-10-27 09:44:58.067134', 'system', null, null, true);
INSERT INTO public.maintenance_schedule (id, car_model_id, maintenance_milestone_id, service_id, created_at, created_by, updated_at, updated_by, is_default) VALUES (84, 1, 6, 12, '2025-10-27 09:44:58.067134', 'system', null, null, true);
INSERT INTO public.maintenance_schedule (id, car_model_id, maintenance_milestone_id, service_id, created_at, created_by, updated_at, updated_by, is_default) VALUES (82, 1, 4, 12, '2025-10-27 09:44:58.067134', 'system', null, null, true);
INSERT INTO public.maintenance_schedule (id, car_model_id, maintenance_milestone_id, service_id, created_at, created_by, updated_at, updated_by, is_default) VALUES (80, 1, 2, 12, '2025-10-27 09:44:58.067134', 'system', null, null, true);
INSERT INTO public.maintenance_schedule (id, car_model_id, maintenance_milestone_id, service_id, created_at, created_by, updated_at, updated_by, is_default) VALUES (45, 1, 7, 8, '2025-10-27 09:44:58.067134', 'system', null, null, true);
INSERT INTO public.maintenance_schedule (id, car_model_id, maintenance_milestone_id, service_id, created_at, created_by, updated_at, updated_by, is_default) VALUES (35, 1, 7, 7, '2025-10-27 09:44:58.067134', 'system', null, null, true);
INSERT INTO public.maintenance_schedule (id, car_model_id, maintenance_milestone_id, service_id, created_at, created_by, updated_at, updated_by, is_default) VALUES (69, 1, 1, 11, '2025-10-27 09:44:58.067134', 'system', null, null, true);
INSERT INTO public.maintenance_schedule (id, car_model_id, maintenance_milestone_id, service_id, created_at, created_by, updated_at, updated_by, is_default) VALUES (71, 1, 3, 11, '2025-10-27 09:44:58.067134', 'system', null, null, true);
INSERT INTO public.maintenance_schedule (id, car_model_id, maintenance_milestone_id, service_id, created_at, created_by, updated_at, updated_by, is_default) VALUES (33, 1, 5, 7, '2025-10-27 09:44:58.067134', 'system', null, null, true);
INSERT INTO public.maintenance_schedule (id, car_model_id, maintenance_milestone_id, service_id, created_at, created_by, updated_at, updated_by, is_default) VALUES (86, 1, 8, 12, '2025-10-27 09:44:58.067134', 'system', null, null, true);

INSERT INTO public.payment_history (id, subscription_id, payment_method, payment_status, created_at, created_by, updated_at, updated_by, payment_id, num_of_years) VALUES (4, 3, 'paypal', 'INIT', '2025-10-29 09:14:11.406716', 'dinhtul1911@gmail.com', null, null, 'PAYID-NEAXQWY79717451CM661680U', 1);
INSERT INTO public.payment_history (id, subscription_id, payment_method, payment_status, created_at, created_by, updated_at, updated_by, payment_id, num_of_years) VALUES (5, 3, 'paypal', 'INIT', '2025-10-29 09:14:27.268727', 'dinhtul1911@gmail.com', null, null, 'PAYID-NEAXQ2Y0NK79660W9331753E', 1);
INSERT INTO public.payment_history (id, subscription_id, payment_method, payment_status, created_at, created_by, updated_at, updated_by, payment_id, num_of_years) VALUES (6, 3, 'paypal', 'APPROVED', '2025-10-29 09:18:05.660501', 'dinhtul1911@gmail.com', '2025-10-29 09:18:13.724706', 'dinhtul1911@gmail.com', 'PAYID-NEAXSRI0K2341200L885441K', 1);

INSERT INTO public.service (id, service_type, service_name, created_at, created_by, updated_at, updated_by, category) VALUES (12, 'M', 'Trc dn ng v cao su chng bi', '2025-10-27 09:37:14.789334', 'system', null, null, 'general');
INSERT INTO public.service (id, service_type, service_name, created_at, created_by, updated_at, updated_by, category) VALUES (14, 'M', 'C cu li v khp cu', '2025-10-27 09:37:14.789334', 'system', null, null, 'general');
INSERT INTO public.service (id, service_type, service_name, created_at, created_by, updated_at, updated_by, category) VALUES (10, 'M', 'B truyn ng in (ng c-hp s)', '2025-10-27 09:37:14.789334', 'system', null, null, 'general');
INSERT INTO public.service (id, service_type, service_name, created_at, created_by, updated_at, updated_by, category) VALUES (20, 'M', 'c quy 12V', '2025-10-27 09:37:14.789334', 'system', null, null, 'general');
INSERT INTO public.service (id, service_type, service_name, created_at, created_by, updated_at, updated_by, category) VALUES (7, 'M', 'Vnh (h hng, bin dng v cc vt nt)', '2025-10-27 09:37:14.789334', 'system', null, null, 'general');
INSERT INTO public.service (id, service_type, service_name, created_at, created_by, updated_at, updated_by, category) VALUES (1, 'M', 'Lc gi iu ha', '2025-10-27 09:37:11.591427', 'system', null, null, 'replace');
INSERT INTO public.service (id, service_type, service_name, created_at, created_by, updated_at, updated_by, category) VALUES (5, 'M', 'Dung dch lm mt cho pin in p cao/ng c in', '2025-10-27 09:37:11.591427', 'system', null, null, 'replace');
INSERT INTO public.service (id, service_type, service_name, created_at, created_by, updated_at, updated_by, category) VALUES (6, 'M', 'Lp (mn ta-lng, p sut, quay v cn bng)', '2025-10-27 09:37:14.789334', 'system', null, null, 'general');
INSERT INTO public.service (id, service_type, service_name, created_at, created_by, updated_at, updated_by, category) VALUES (13, 'M', 'Khp cu h thng treo', '2025-10-27 09:37:14.789334', 'system', null, null, 'general');
INSERT INTO public.service (id, service_type, service_name, created_at, created_by, updated_at, updated_by, category) VALUES (3, 'M', 'H thng iu ha', '2025-10-27 09:37:11.591427', 'system', null, null, 'replace');
INSERT INTO public.service (id, service_type, service_name, created_at, created_by, updated_at, updated_by, category) VALUES (15, 'M', 'Li gt ma/ dung dch ra knh', '2025-10-27 09:37:14.789334', 'system', null, null, 'general');
INSERT INTO public.service (id, service_type, service_name, created_at, created_by, updated_at, updated_by, category) VALUES (21, 'M', 'Kim tra tnh trng r mn khu vc gm xe', '2025-10-27 09:37:14.789334', 'system', null, null, 'general');
INSERT INTO public.service (id, service_type, service_name, created_at, created_by, updated_at, updated_by, category) VALUES (11, 'M', 'Cu xe v h thng treo', '2025-10-27 09:37:14.789334', 'system', null, null, 'general');
INSERT INTO public.service (id, service_type, service_name, created_at, created_by, updated_at, updated_by, category) VALUES (19, 'M', 'Cng sc', '2025-10-27 09:37:14.789334', 'system', null, null, 'general');
INSERT INTO public.service (id, service_type, service_name, created_at, created_by, updated_at, updated_by, category) VALUES (18, 'M', 'Cp in cao p v cc dy in lin quan', '2025-10-27 09:37:14.789334', 'system', null, null, 'general');
INSERT INTO public.service (id, service_type, service_name, created_at, created_by, updated_at, updated_by, category) VALUES (16, 'M', 'Kim tra ng nc lm mt', '2025-10-27 09:37:14.789334', 'system', null, null, 'general');
INSERT INTO public.service (id, service_type, service_name, created_at, created_by, updated_at, updated_by, category) VALUES (17, 'M', 'Pin in p cao', '2025-10-27 09:37:14.789334', 'system', null, null, 'general');
INSERT INTO public.service (id, service_type, service_name, created_at, created_by, updated_at, updated_by, category) VALUES (2, 'M', 'Du phanh', '2025-10-27 09:37:11.591427', 'system', null, null, 'replace');
INSERT INTO public.service (id, service_type, service_name, created_at, created_by, updated_at, updated_by, category) VALUES (8, 'M', 'M phanh v a phanh', '2025-10-27 09:37:14.789334', 'system', null, null, 'general');
INSERT INTO public.service (id, service_type, service_name, created_at, created_by, updated_at, updated_by, category) VALUES (9, 'M', 'ng ng du phanh v cc v tr kt ni', '2025-10-27 09:37:14.789334', 'system', null, null, 'general');
INSERT INTO public.service (id, service_type, service_name, created_at, created_by, updated_at, updated_by, category) VALUES (4, 'M', 'Pin b T-BOX', '2025-10-27 09:37:11.591427', 'system', null, null, 'replace');
INSERT INTO public.service (id, service_type, service_name, created_at, created_by, updated_at, updated_by, category) VALUES (26, 'F', 'M phanh', '2025-10-30 08:56:00.000000', 'system', null, null, 'brake');
INSERT INTO public.service (id, service_type, service_name, created_at, created_by, updated_at, updated_by, category) VALUES (27, 'F', 'Cm bin ABS', '2025-10-30 08:56:20.000000', 'system', null, null, 'brake');
INSERT INTO public.service (id, service_type, service_name, created_at, created_by, updated_at, updated_by, category) VALUES (28, 'F', 'Sa cha, thay th a phanh', '2025-10-30 08:56:20.000000', 'system', null, null, 'brake');
INSERT INTO public.service (id, service_type, service_name, created_at, created_by, updated_at, updated_by, category) VALUES (29, 'F', 'Phanh tay', '2025-10-30 08:56:20.000000', 'system', null, null, 'brake');
INSERT INTO public.service (id, service_type, service_name, created_at, created_by, updated_at, updated_by, category) VALUES (30, 'F', 'Cm phanh', '2025-10-30 08:56:20.000000', 'system', null, null, 'brake');
INSERT INTO public.service (id, service_type, service_name, created_at, created_by, updated_at, updated_by, category) VALUES (31, 'F', 'Ktra, sa cha, thay th r r ng ng du', '2025-10-30 08:56:20.000000', 'system', null, null, 'brake');
INSERT INTO public.service (id, service_type, service_name, created_at, created_by, updated_at, updated_by, category) VALUES (32, 'F', 'Khc', '2025-10-30 08:56:20.000000', 'system', null, null, 'brake');
INSERT INTO public.service (id, service_type, service_name, created_at, created_by, updated_at, updated_by, category) VALUES (33, 'F', 'V lng', '2025-10-30 08:56:20.000000', 'system', null, null, 'steering');
INSERT INTO public.service (id, service_type, service_name, created_at, created_by, updated_at, updated_by, category) VALUES (34, 'F', 'Tr lc li', '2025-10-30 08:56:20.000000', 'system', null, null, 'steering');
INSERT INTO public.service (id, service_type, service_name, created_at, created_by, updated_at, updated_by, category) VALUES (35, 'F', 'Thc li', '2025-10-30 08:56:20.000000', 'system', null, null, 'steering');
INSERT INTO public.service (id, service_type, service_name, created_at, created_by, updated_at, updated_by, category) VALUES (36, 'F', 'Tr li', '2025-10-30 08:56:20.000000', 'system', null, null, 'steering');
INSERT INTO public.service (id, service_type, service_name, created_at, created_by, updated_at, updated_by, category) VALUES (37, 'F', 'Ty  tr lc', '2025-10-30 08:56:20.000000', 'system', null, null, 'steering');
INSERT INTO public.service (id, service_type, service_name, created_at, created_by, updated_at, updated_by, category) VALUES (38, 'F', 'Ci', '2025-10-30 08:56:20.000000', 'system', null, null, 'electric');
INSERT INTO public.service (id, service_type, service_name, created_at, created_by, updated_at, updated_by, category) VALUES (39, 'F', 'c quy', '2025-10-30 08:56:20.000000', 'system', null, null, 'electric');
INSERT INTO public.service (id, service_type, service_name, created_at, created_by, updated_at, updated_by, category) VALUES (40, 'F', 'Cm bin nhit  gin lnh', '2025-10-30 08:56:20.000000', 'system', null, null, 'electric');
INSERT INTO public.service (id, service_type, service_name, created_at, created_by, updated_at, updated_by, category) VALUES (41, 'F', 'Gin nng', '2025-10-30 08:56:20.000000', 'system', null, null, 'electric');
INSERT INTO public.service (id, service_type, service_name, created_at, created_by, updated_at, updated_by, category) VALUES (42, 'F', 'Ty  cao p', '2025-10-30 08:56:20.000000', 'system', null, null, 'electric');
INSERT INTO public.service (id, service_type, service_name, created_at, created_by, updated_at, updated_by, category) VALUES (43, 'F', 'Ca gi iu ho', '2025-10-30 08:56:20.000000', 'system', null, null, 'electric');
INSERT INTO public.service (id, service_type, service_name, created_at, created_by, updated_at, updated_by, category) VALUES (44, 'F', 'M t qut iu ho', '2025-10-30 08:56:20.000000', 'system', null, null, 'electric');
INSERT INTO public.service (id, service_type, service_name, created_at, created_by, updated_at, updated_by, category) VALUES (45, 'F', 'Kt nc lm mt', '2025-10-30 08:56:20.000000', 'system', null, null, 'cooling');
INSERT INTO public.service (id, service_type, service_name, created_at, created_by, updated_at, updated_by, category) VALUES (46, 'F', 'Qut lm mt kt nc', '2025-10-30 08:56:20.000000', 'system', null, null, 'cooling');
INSERT INTO public.service (id, service_type, service_name, created_at, created_by, updated_at, updated_by, category) VALUES (47, 'F', 'Ty  cao p', '2025-10-30 08:56:20.000000', 'system', null, null, 'cooling');
INSERT INTO public.service (id, service_type, service_name, created_at, created_by, updated_at, updated_by, category) VALUES (48, 'F', 'Van hng nhit', '2025-10-30 08:56:20.000000', 'system', null, null, 'cooling');
INSERT INTO public.service (id, service_type, service_name, created_at, created_by, updated_at, updated_by, category) VALUES (49, 'F', 'V lp', '2025-10-30 08:56:20.000000', 'system', null, null, 'suspension');
INSERT INTO public.service (id, service_type, service_name, created_at, created_by, updated_at, updated_by, category) VALUES (50, 'F', 'Thay lp/vnh', '2025-10-30 08:56:20.000000', 'system', null, null, 'suspension');
INSERT INTO public.service (id, service_type, service_name, created_at, created_by, updated_at, updated_by, category) VALUES (51, 'F', 'Thay lp d phng', '2025-10-30 08:56:20.000000', 'system', null, null, 'suspension');
INSERT INTO public.service (id, service_type, service_name, created_at, created_by, updated_at, updated_by, category) VALUES (52, 'F', 'Cm bin p sut lp', '2025-10-30 08:56:20.000000', 'system', null, null, 'suspension');
INSERT INTO public.service (id, service_type, service_name, created_at, created_by, updated_at, updated_by, category) VALUES (53, 'F', 'Gim sc', '2025-10-30 08:56:20.000000', 'system', null, null, 'suspension');
INSERT INTO public.service (id, service_type, service_name, created_at, created_by, updated_at, updated_by, category) VALUES (54, 'F', 'Thay th p nha ni tht', '2025-10-30 08:56:20.000000', 'system', null, null, 'interior');
INSERT INTO public.service (id, service_type, service_name, created_at, created_by, updated_at, updated_by, category) VALUES (55, 'F', 'Chun on n bo li v cp nht phn mm', '2025-10-30 08:56:20.000000', 'system', null, null, 'other');


INSERT INTO public.subscription_info (id, owner_id, start_date, end_date, payment_date, created_at, created_by, updated_at, updated_by) VALUES (3, 1, '2025-10-29 09:18:13.724187', '2026-10-29 09:18:13.724187', '2025-10-29 09:18:13.724187', '2025-10-28 22:09:43.787827', 'dinhtul1911@gmail.com', '2025-10-29 09:18:13.726783', 'dinhtul1911@gmail.com');

INSERT INTO public.user_roles (user_id, role) VALUES (1, 'ADMIN');
INSERT INTO public.user_roles (user_id, role) VALUES (2, 'TECHNICIAN');
INSERT INTO public.user_roles (user_id, role) VALUES (3, 'ADMIN');
INSERT INTO public.user_roles (user_id, role) VALUES (4, 'CUSTOMER');
INSERT INTO public.user_roles (user_id, role) VALUES (5, 'STAFF');
INSERT INTO public.user_roles (user_id, role) VALUES (6, 'TECHNICIAN');
INSERT INTO public.user_roles (user_id, role) VALUES (7, 'ADMIN');
INSERT INTO public.user_roles (user_id, role) VALUES (8, 'CUSTOMER');
INSERT INTO public.user_roles (user_id, role) VALUES (9, 'STAFF');
INSERT INTO public.user_roles (user_id, role) VALUES (10, 'TECHNICIAN');
INSERT INTO public.user_roles (user_id, role) VALUES (11, 'ADMIN');
INSERT INTO public.user_roles (user_id, role) VALUES (12, 'CUSTOMER');
INSERT INTO public.user_roles (user_id, role) VALUES (13, 'STAFF');
INSERT INTO public.user_roles (user_id, role) VALUES (14, 'TECHNICIAN');
INSERT INTO public.user_roles (user_id, role) VALUES (15, 'ADMIN');
INSERT INTO public.user_roles (user_id, role) VALUES (16, 'CUSTOMER');
INSERT INTO public.user_roles (user_id, role) VALUES (17, 'STAFF');
INSERT INTO public.user_roles (user_id, role) VALUES (18, 'TECHNICIAN');
INSERT INTO public.user_roles (user_id, role) VALUES (19, 'ADMIN');
INSERT INTO public.user_roles (user_id, role) VALUES (20, 'CUSTOMER');
INSERT INTO public.user_roles (user_id, role) VALUES (21, 'STAFF');
INSERT INTO public.user_roles (user_id, role) VALUES (22, 'TECHNICIAN');
INSERT INTO public.user_roles (user_id, role) VALUES (23, 'ADMIN');
INSERT INTO public.user_roles (user_id, role) VALUES (24, 'CUSTOMER');
INSERT INTO public.user_roles (user_id, role) VALUES (25, 'STAFF');
INSERT INTO public.user_roles (user_id, role) VALUES (27, 'ADMIN');
INSERT INTO public.user_roles (user_id, role) VALUES (28, 'CUSTOMER');
INSERT INTO public.user_roles (user_id, role) VALUES (29, 'STAFF');
INSERT INTO public.user_roles (user_id, role) VALUES (30, 'TECHNICIAN');
INSERT INTO public.user_roles (user_id, role) VALUES (31, 'ADMIN');
INSERT INTO public.user_roles (user_id, role) VALUES (32, 'CUSTOMER');
INSERT INTO public.user_roles (user_id, role) VALUES (33, 'STAFF');
INSERT INTO public.user_roles (user_id, role) VALUES (34, 'TECHNICIAN');
INSERT INTO public.user_roles (user_id, role) VALUES (35, 'ADMIN');
INSERT INTO public.user_roles (user_id, role) VALUES (36, 'CUSTOMER');
INSERT INTO public.user_roles (user_id, role) VALUES (37, 'STAFF');
INSERT INTO public.user_roles (user_id, role) VALUES (38, 'TECHNICIAN');
INSERT INTO public.user_roles (user_id, role) VALUES (39, 'ADMIN');
INSERT INTO public.user_roles (user_id, role) VALUES (40, 'CUSTOMER');
INSERT INTO public.user_roles (user_id, role) VALUES (41, 'STAFF');
INSERT INTO public.user_roles (user_id, role) VALUES (42, 'TECHNICIAN');
INSERT INTO public.user_roles (user_id, role) VALUES (43, 'ADMIN');
INSERT INTO public.user_roles (user_id, role) VALUES (44, 'CUSTOMER');
INSERT INTO public.user_roles (user_id, role) VALUES (45, 'STAFF');
INSERT INTO public.user_roles (user_id, role) VALUES (46, 'TECHNICIAN');
INSERT INTO public.user_roles (user_id, role) VALUES (47, 'ADMIN');
INSERT INTO public.user_roles (user_id, role) VALUES (48, 'CUSTOMER');
INSERT INTO public.user_roles (user_id, role) VALUES (49, 'STAFF');
INSERT INTO public.user_roles (user_id, role) VALUES (50, 'TECHNICIAN');
INSERT INTO public.user_roles (user_id, role) VALUES (51, 'ADMIN');
INSERT INTO public.user_roles (user_id, role) VALUES (52, 'CUSTOMER');
INSERT INTO public.user_roles (user_id, role) VALUES (53, 'STAFF');
INSERT INTO public.user_roles (user_id, role) VALUES (54, 'TECHNICIAN');
INSERT INTO public.user_roles (user_id, role) VALUES (55, 'ADMIN');
INSERT INTO public.user_roles (user_id, role) VALUES (56, 'CUSTOMER');
INSERT INTO public.user_roles (user_id, role) VALUES (57, 'STAFF');
INSERT INTO public.user_roles (user_id, role) VALUES (58, 'TECHNICIAN');
INSERT INTO public.user_roles (user_id, role) VALUES (59, 'ADMIN');
INSERT INTO public.user_roles (user_id, role) VALUES (60, 'CUSTOMER');
INSERT INTO public.user_roles (user_id, role) VALUES (61, 'STAFF');
INSERT INTO public.user_roles (user_id, role) VALUES (62, 'TECHNICIAN');
INSERT INTO public.user_roles (user_id, role) VALUES (63, 'ADMIN');
INSERT INTO public.user_roles (user_id, role) VALUES (64, 'CUSTOMER');
INSERT INTO public.user_roles (user_id, role) VALUES (65, 'STAFF');
INSERT INTO public.user_roles (user_id, role) VALUES (66, 'TECHNICIAN');
INSERT INTO public.user_roles (user_id, role) VALUES (67, 'ADMIN');
INSERT INTO public.user_roles (user_id, role) VALUES (68, 'CUSTOMER');
INSERT INTO public.user_roles (user_id, role) VALUES (69, 'STAFF');
INSERT INTO public.user_roles (user_id, role) VALUES (70, 'TECHNICIAN');
INSERT INTO public.user_roles (user_id, role) VALUES (71, 'ADMIN');
INSERT INTO public.user_roles (user_id, role) VALUES (72, 'CUSTOMER');
INSERT INTO public.user_roles (user_id, role) VALUES (73, 'STAFF');
INSERT INTO public.user_roles (user_id, role) VALUES (74, 'TECHNICIAN');
INSERT INTO public.user_roles (user_id, role) VALUES (75, 'ADMIN');
INSERT INTO public.user_roles (user_id, role) VALUES (76, 'CUSTOMER');
INSERT INTO public.user_roles (user_id, role) VALUES (77, 'STAFF');
INSERT INTO public.user_roles (user_id, role) VALUES (78, 'TECHNICIAN');
INSERT INTO public.user_roles (user_id, role) VALUES (79, 'ADMIN');
INSERT INTO public.user_roles (user_id, role) VALUES (80, 'CUSTOMER');
INSERT INTO public.user_roles (user_id, role) VALUES (81, 'STAFF');
INSERT INTO public.user_roles (user_id, role) VALUES (82, 'TECHNICIAN');
INSERT INTO public.user_roles (user_id, role) VALUES (83, 'ADMIN');
INSERT INTO public.user_roles (user_id, role) VALUES (84, 'CUSTOMER');
INSERT INTO public.user_roles (user_id, role) VALUES (85, 'STAFF');
INSERT INTO public.user_roles (user_id, role) VALUES (86, 'TECHNICIAN');
INSERT INTO public.user_roles (user_id, role) VALUES (87, 'ADMIN');
INSERT INTO public.user_roles (user_id, role) VALUES (88, 'CUSTOMER');
INSERT INTO public.user_roles (user_id, role) VALUES (89, 'STAFF');
INSERT INTO public.user_roles (user_id, role) VALUES (90, 'TECHNICIAN');
INSERT INTO public.user_roles (user_id, role) VALUES (91, 'ADMIN');
INSERT INTO public.user_roles (user_id, role) VALUES (92, 'CUSTOMER');
INSERT INTO public.user_roles (user_id, role) VALUES (93, 'STAFF');
INSERT INTO public.user_roles (user_id, role) VALUES (94, 'TECHNICIAN');
INSERT INTO public.user_roles (user_id, role) VALUES (95, 'ADMIN');
INSERT INTO public.user_roles (user_id, role) VALUES (96, 'CUSTOMER');
INSERT INTO public.user_roles (user_id, role) VALUES (97, 'STAFF');
INSERT INTO public.user_roles (user_id, role) VALUES (98, 'TECHNICIAN');
INSERT INTO public.user_roles (user_id, role) VALUES (99, 'ADMIN');
INSERT INTO public.user_roles (user_id, role) VALUES (100, 'CUSTOMER');
INSERT INTO public.user_roles (user_id, role) VALUES (101, 'STAFF');
INSERT INTO public.user_roles (user_id, role) VALUES (26, 'CUSTOMER');
INSERT INTO public.user_roles (user_id, role) VALUES (102, 'CUSTOMER');

INSERT INTO public.vehicles (id, active, car_model_id, created_at, created_by, license_plate, updated_at, updated_by, vin_number, owner_id, next_km, next_date, old_km, old_date) VALUES (2, true, 2, '2025-10-27 14:36:45.000000', 'system', '11K-111.12', '2025-10-27 14:35:57.000000', 'system', '4Y1SL65848Z411440', 1, 23000, '2026-10-27 14:35:57.000000', 11000, '2025-10-27 14:35:57.000000');
INSERT INTO public.vehicles (id, active, car_model_id, created_at, created_by, license_plate, updated_at, updated_by, vin_number, owner_id, next_km, next_date, old_km, old_date) VALUES (1, true, 1, '2025-10-27 14:35:47.000000', 'system', '11K-111.11', '2025-10-27 14:35:57.000000', 'system', '4Y1SL65848Z411439', 1, 23500, '2026-10-27 14:35:57.000000', 11500, '2025-10-27 14:35:57.000000');
INSERT INTO public.vehicles (id, active, car_model_id, created_at, created_by, license_plate, updated_at, updated_by, vin_number, owner_id, next_km, next_date, old_km, old_date) VALUES (3, true, 3, '2025-10-28 17:28:58.575533', 'dinhtul1911@gmail.com', '51K-111.13', null, null, '12312312315234123', 1, null, null, null, null);
INSERT INTO public.vehicles (id, active, car_model_id, created_at, created_by, license_plate, updated_at, updated_by, vin_number, owner_id, next_km, next_date, old_km, old_date) VALUES (4, true, 4, '2025-10-28 17:32:00.307545', 'dinhtul1911@gmail.com', '51K-111.14', null, null, '1231297923742', 1, null, null, null, null);
